שם המקום,סוג,יישוב,אזור,קיבולת,כשרות,קטגוריות באתר,קישור
אוטובוס פתוח לאירועים,אוטובוס אירועים,,,עד 33,,קריוקי / מועדוני בת מצווה / ימי הולדת / מסיבות / עסקיים,https://mekomot-eruim.co.il/businesses/open-bus
128 אירועים / מסיבות בר בת מצווה - רמת החייל תל אביב,אולם אירועים,תל אביב,מרכז,30-120,,אולמות / מסעדות / הרצאות / מועדונים / מועדוני בת מצווה / מסיבות / קטנים / עסקיים / בריתות / חינה,https://mekomot-eruim.co.il/businesses/events-128
ME מתחם אירועים - רעננה,אולם אירועים,רעננה,שרון,עד 300,,אולמות / כנסים / קטנים / עסקיים,https://mekomot-eruim.co.il/businesses/me-events-ranaana
WIDE OPEN וייד אופן אירועים וכנסים- רמת ישי,אולם אירועים,רמת ישי,צפון,עד 150,,אולמות / מסעדות / כנסים / הרצאות / קטנים / עסקיים / בריתות,https://mekomot-eruim.co.il/businesses/wide-open
z-one אירועים וכנסים - רמת גן,אולם אירועים,רמת גן,מרכז,,,אולמות / כנסים / כנסים קטנים / קטנים / בריתות,https://mekomot-eruim.co.il/businesses/z-one
אדורה מקום של אירועים - דימונה,אולם אירועים,דימונה,דרום,,,אולמות / קטנים / בריתות / חינה,https://mekomot-eruim.co.il/businesses/event-adora
אהבתיה - קרית מלאכי,אולם אירועים,קרית מלאכי,דרום,עד 500,,אולמות / גני אירועים / כנסים / עסקיים,https://mekomot-eruim.co.il/businesses/ahavtia-events
אודיסאה - באר שבע,אולם אירועים,באר שבע,דרום,עד 1100,,אולמות,https://mekomot-eruim.co.il/businesses/odisea-beer-sheva
אולם אירועים הארמני - העיר העתיקה - ירושלים,אולם אירועים,ירושלים,ירושלים והסביבה,עד 200,,אולמות,https://mekomot-eruim.co.il/businesses/the-armenian-place
אולם הרובע - ירושלים,אולם אירועים,ירושלים,ירושלים והסביבה,עד 75,,אולמות / כנסים / כיתות לימוד / הרצאות / כנסים קטנים / קטנים,https://mekomot-eruim.co.il/businesses/oasis-jerusalem
אולמי פפה מישל - באר שבע,אולם אירועים,באר שבע,דרום,,,אולמות / קטנים,https://mekomot-eruim.co.il/businesses/Papa-Michelle
אור ביער - יער יד מרדכי,אולם אירועים,יד מרדכי,דרום,עד 180,,אולמות / גני אירועים / מועדוני בת מצווה / קטנים / בריתות / חינה,https://mekomot-eruim.co.il/businesses/or-ba-yaar
אורו אירועים Oro - גאליה (ליד רחובות),אולם אירועים,גאליה,מרכז,עד 300,,חינה,https://mekomot-eruim.co.il/businesses/oro-eroim
אורימא אירועי בוטיק מבית אודיסאה - באר שבע,אולם אירועים,באר שבע,דרום,עד 250,,אולמות / קטנים / בריתות / חינה,https://mekomot-eruim.co.il/businesses/orima
אחוזת השרון - הוד השרון,אולם אירועים,הוד השרון,שרון,עד 300,,אולמות / קטנים / עסקיים / בריתות / חינה,https://mekomot-eruim.co.il/businesses/ahuzat-hasharon
אחוזת ים - ראשון לציון,אולם אירועים,ראשון לציון,מרכז,עד 350,,אולמות / כנסים / קטנים / עסקיים / בריתות / חינה,https://mekomot-eruim.co.il/businesses/achuzat-yam
איווה אירועים Aywa Events - אשדוד,אולם אירועים,אשדוד,דרום,80-200,,אולמות / קטנים / חינה,https://mekomot-eruim.co.il/businesses/aywa-events
איוונט 47 – event אולם אירועים בוטיק ראשון לציון,אולם אירועים,ראשון לציון,מרכז,עד 150,,עסקיים,https://mekomot-eruim.co.il/businesses/event-47
אימגו IMAGO - חדרה,אולם אירועים,חדרה,שרון,עד 150,,אולמות / מועדונים / מועדוני בת מצווה / קטנים / עסקיים / בריתות,https://mekomot-eruim.co.il/businesses/IMAGO
אירועים באווירה כפרית - קיבוץ נען,אולם אירועים,קיבוץ נען,מרכז,עד 150,,אולמות / גני אירועים / כנסים / כיתות לימוד / הרצאות / מיוחדים / קטנים / עסקיים / בריתות,https://mekomot-eruim.co.il/businesses/naan-event
אל ים EL-YAM - נתניה,אולם אירועים,נתניה,שרון,עד 1000,,אולמות / גני אירועים / שבת חתן / בריכה / על הים / קטנים / עסקיים / בריתות / חינה,https://mekomot-eruim.co.il/businesses/el-yam
אליטה אירועי בוטיק - אור עקיבא,אולם אירועים,אור עקיבא,שרון,עד 160,,אולמות / קטנים / עסקיים / בריתות / חינה,https://mekomot-eruim.co.il/businesses/elita-events
אלמוג אירועים וכנסים - חיפה,אולם אירועים,חיפה,צפון,,,אולמות / שבת חתן / כנסים / הרצאות / על הים / קטנים / עסקיים / בריתות,https://mekomot-eruim.co.il/businesses/almog-event
אלמורה אירועים - נתניה,אולם אירועים,נתניה,שרון,עד 300,,אולמות / גני אירועים / קטנים / בריתות,https://mekomot-eruim.co.il/businesses/hayam
אפטאון אורבן אירועים - פתח תקווה / גבעת שמואל,אולם אירועים,פתח תקווה / גבעת שמואל,מרכז,80-400,,אולמות / מועדוני בת מצווה / קטנים / בריתות / חינה,https://mekomot-eruim.co.il/businesses/up-town
אקפלה Acapella - נתניה,אולם אירועים,נתניה,שרון,עד 230,,אולמות / קטנים / עסקיים / בריתות,https://mekomot-eruim.co.il/businesses/acapella-natania
ארמונותיה אולם אירועים - בת ים,אולם אירועים,בת ים,מרכז,עד 700,כשרות הרב מחפוד,עסקיים,https://mekomot-eruim.co.il/businesses/armonotea
ארשלם אירועים - ראשון לציון,אולם אירועים,ראשון לציון,מרכז,30-150,,אולמות / קטנים / עסקיים / בריתות / חינה,https://mekomot-eruim.co.il/businesses/urshalem
בוסתן לב הארץ אירועים - ראש העין,אולם אירועים,ראש העין,מרכז,50-250,,אולמות / עסקיים,https://mekomot-eruim.co.il/businesses/bustan
ביאנקיני - ים המלח,אולם אירועים,ים המלח,,,,אולמות / גני אירועים / שבת חתן / הרצאות / מסיבות / מיוחדים / על הים / קטנים / עסקיים / בריתות / חינה,https://mekomot-eruim.co.il/businesses/biankini
בית - רעננה,אולם אירועים,רעננה,שרון,150-240,,אולמות / גני אירועים / כנסים / קטנים / עסקיים / בריתות,https://mekomot-eruim.co.il/businesses/bait-events-2
בית שמואל אירועים מול החומות - ירושלים,אולם אירועים,ירושלים,ירושלים והסביבה,עד 380,,אולמות / גגות / שבת חתן / כנסים / כיתות לימוד / הרצאות / כנסים קטנים / מיוחדים / קטנים / עסקיים / בריתות / חינה,https://mekomot-eruim.co.il/businesses/beit-shmuel
בלה צופ Bella Chop - חיפה,אולם אירועים,חיפה,צפון,עד 300,,אולמות / קטנים / עסקיים,https://mekomot-eruim.co.il/businesses/Bella-Chop
בנג'מין אירועי בוטיק - אשדוד,אולם אירועים,אשדוד,דרום,50-250,,אולמות / קטנים / בריתות / חינה,https://mekomot-eruim.co.il/businesses/benjamin
בנוז אירועים - חיפה,אולם אירועים,חיפה,צפון,עד 220,,אולמות / מסעדות / קטנים / בריתות / חינה,https://mekomot-eruim.co.il/businesses/benuz-events
בראשית - קריית שאול - ירושלים,אולם אירועים,ירושלים,ירושלים והסביבה,עד 300,,אולמות,https://mekomot-eruim.co.il/businesses/bereshitb-jerusalem
גאמוס מול המדבר - מעלה אדומים,אולם אירועים,מעלה אדומים,ירושלים והסביבה,,,אולמות / גני אירועים / גגות / שבת חתן / בריכה / מיוחדים,https://mekomot-eruim.co.il/businesses/gamos
גלואו אירועים GLOW - הרצליה,אולם אירועים,הרצליה,שרון,,,אולמות / הרצאות / מועדונים / מועדוני בת מצווה / ימי הולדת / מסיבות / קטנים / עסקיים / בריתות / חינה,https://mekomot-eruim.co.il/businesses/glow
"גלוריה אירועים - צומת ביל""ו רחובות",אולם אירועים,רחובות,מרכז,עד 200,,אולמות / מסעדות / מועדוני בת מצווה / בריתות / חינה,https://mekomot-eruim.co.il/businesses/gloria-events
גלרי GALLERY 35 - אשדוד,אולם אירועים,אשדוד,דרום,עד 240,,אולמות / קטנים / בריתות / חינה,https://mekomot-eruim.co.il/businesses/gallery35
גלריה 279 - חיפה,אולם אירועים,חיפה,צפון,עד 250,,אולמות / קטנים / עסקיים / בריתות / חינה,https://mekomot-eruim.co.il/businesses/gallery279
גן לאומי עיר דוד - ירושלים,אולם אירועים,ירושלים,ירושלים והסביבה,עד 120,,אולמות / גני אירועים / מיוחדים / קטנים,https://mekomot-eruim.co.il/businesses/city-of-david
גני שמשון - אשקלון,אולם אירועים,אשקלון,דרום,עד 200,,אולמות / קטנים / בריתות / חינה,https://mekomot-eruim.co.il/businesses/gani-samson-hotel
גרייס GRACE - ראשון לציון,אולם אירועים,ראשון לציון,מרכז,עד 400,,אולמות,https://mekomot-eruim.co.il/businesses/grace-events
דופלקס - הרצליה,אולם אירועים,הרצליה,שרון,50-250,,אולמות / גגות / כנסים / כנסים קטנים / מועדוני בת מצווה / מסיבות / על הים / קטנים / עסקיים / בריתות / חינה,https://mekomot-eruim.co.il/businesses/duplex
דנוור אירועים - ירושלים,אולם אירועים,ירושלים,ירושלים והסביבה,עד 180,כשרה למהדרין,אולמות / מסעדות / קטנים / עסקיים / חינה,https://mekomot-eruim.co.il/businesses/denver
דרזנר 5 - פתח תקווה,אולם אירועים,פתח תקווה,מרכז,עד 300,,אולמות / כנסים / הרצאות / קטנים / עסקיים / בריתות,https://mekomot-eruim.co.il/businesses/drezner
דריה DARYA - בת ים,אולם אירועים,בת ים,מרכז,עד 350,,אולמות / קטנים / עסקיים / בריתות / חינה,https://mekomot-eruim.co.il/businesses/darya-events
הבריאה - מודיעין,אולם אירועים,מודיעין,מרכז,עד 300,,אולמות / קטנים / עסקיים / בריתות / חינה,https://mekomot-eruim.co.il/businesses/habria
הגלריה בנמל אירועים וכנסים - תל אביב,אולם אירועים,תל אביב,מרכז,70-100,כשר,אולמות / כנסים / מיוחדים / על הים / קטנים / עסקיים / בריתות / חינה,https://mekomot-eruim.co.il/businesses/gallery-in-tlv-port
הגן האורבני של תל אביב (האומן 17) - תל אביב,אולם אירועים,תל אביב,מרכז,,,אולמות / גני אירועים / כנסים,https://mekomot-eruim.co.il/businesses/haoman17
הילה אירועי בוטיק - אשדוד,אולם אירועים,אשדוד,דרום,עד 200,,אולמות / קטנים / חינה,https://mekomot-eruim.co.il/businesses/hila-events
הכפר הקסום - ראשון לציון,אולם אירועים,ראשון לציון,מרכז,,,אולמות / בריכה,https://mekomot-eruim.co.il/businesses/hakfar-event
הכרם וי.אי.פי - נתניה,אולם אירועים,נתניה,שרון,עד 150,,אולמות / על הים / קטנים / בריתות,https://mekomot-eruim.co.il/businesses/hakerem-netanya
המוזיאון - גלריה לאירועים - חולון,אולם אירועים,חולון,מרכז,עד 750,,אולמות / חינה,https://mekomot-eruim.co.il/businesses/the-museum-gallery-for-events
המתפרה בית לאירועים - אבו גוש,אולם אירועים,אבו גוש,ירושלים והסביבה,עד 100,,אולמות / כנסים / הרצאות / כנסים קטנים / קטנים / עסקיים,https://mekomot-eruim.co.il/businesses/hamatpera-abu-ghosh
העמק - עמק חפר (ליד נתניה),אולם אירועים,עמק חפר,שרון,עד 240,,אולמות,https://mekomot-eruim.co.il/businesses/haemek-events
הפרדס הקסום - כפר מעש פתח תקווה,אולם אירועים,כפר מעש / פתח תקווה,מרכז,30-100,,אולמות / מסעדות / הרצאות / ימי הולדת / מיוחדים / ריטריטים / קטנים / בריתות / חינה,https://mekomot-eruim.co.il/businesses/The-magical-orchard
ואמוס - פתח תקווה,אולם אירועים,פתח תקווה,מרכז,עד 300,,אולמות / קטנים / בריתות / חינה,https://mekomot-eruim.co.il/businesses/vamoss
ואסקו אירועים Vasco - חולון,אולם אירועים,חולון,מרכז,80-400,,אולמות / קטנים / עסקיים / בריתות / חינה,https://mekomot-eruim.co.il/businesses/Vasco-event-Holon
וויט אירועים White - לחגוג אינטימי - פרדס חנה,אולם אירועים,פרדס חנה,שרון,עד 380,,אולמות / גני אירועים / עסקיים / בריתות,https://mekomot-eruim.co.il/businesses/white-events
ווסט WEST - ראשון לציון,אולם אירועים,ראשון לציון,מרכז,עד 170,,חינה,https://mekomot-eruim.co.il/businesses/west-events
ווסט גארדן מתחם אירועים - רעננה,אולם אירועים,רעננה,שרון,,,אולמות / מסעדות / כנסים / הרצאות / כנסים קטנים / מסיבות / קטנים / עסקיים / בריתות / חינה,https://mekomot-eruim.co.il/businesses/west-garden
ויאן ממילא אירועים - ירושלים,אולם אירועים,ירושלים,ירושלים והסביבה,עד 150,,אולמות / קטנים / חינה,https://mekomot-eruim.co.il/businesses/mamila-jerusalem-events
ויטראז' מרכז אירועים נס ציונה,אולם אירועים,נס ציונה,מרכז,,"כשר למהדרין בד""צ הרב מחפוד",אולמות / קטנים / בריתות / חינה,https://mekomot-eruim.co.il/businesses/vitrage
וינו VINO - פתח תקווה,אולם אירועים,פתח תקווה,מרכז,עד 250,,אולמות / מסעדות / קטנים / בריתות,https://mekomot-eruim.co.il/businesses/vino-events
חוות אלנבי - קיבוץ נצר סירני,אולם אירועים,נצר סירני,מרכז,עד 350,,אולמות / גני אירועים / כנסים / הרצאות / מיוחדים / קטנים / עסקיים / בריתות,https://mekomot-eruim.co.il/businesses/alenby-events
חוות רום אירועים - הר כמון (בקרבת כרמיאל),אולם אירועים,הר כמון,צפון,,,אולמות / גני אירועים / גלמפינג / כנסים / הרצאות / כנסים קטנים / מיוחדים / ריטריטים / אירועי חברות וסדנאות / עסקיים / חינה,https://mekomot-eruim.co.il/businesses/havatrom
חוף בצת אירועים על הים - קרוב לנהריה,אולם אירועים,חוף בצת (קרוב לנהריה),צפון,,,אולמות / גלמפינג / שבת חתן / כנסים / הרצאות / כנסים קטנים / על הים / קטנים / עסקיים / בריתות / חינה,https://mekomot-eruim.co.il/businesses/hof-betz
חופית - בית קולינרי לאירועים - בית חרות,אולם אירועים,בית חרות,שרון,עד 250,,אולמות / כנסים / הרצאות / על הים / קטנים / עסקיים / בריתות / חינה,https://mekomot-eruim.co.il/businesses/hofit-events
טאי TAI - ראשון לציון,אולם אירועים,ראשון לציון,מרכז,עד 250,,אולמות / קטנים / בריתות / חינה,https://mekomot-eruim.co.il/businesses/tai
טוני אירועים - חיפה,אולם אירועים,חיפה,צפון,,,אולמות / כנסים קטנים / קטנים / בריתות / חינה,https://mekomot-eruim.co.il/businesses/toni
טוסקה TOSCA - פתח תקווה,אולם אירועים,פתח תקווה,מרכז,עד 200,,אולמות / מסעדות / שף / כנסים / הרצאות / כנסים קטנים / מועדונים / מסיבות / קטנים / עסקיים / בריתות,https://mekomot-eruim.co.il/businesses/tosca-pt
טזורו Tesoro - תל אביב,אולם אירועים,תל אביב,מרכז,עד 450,,אולמות / גני אירועים / קטנים / עסקיים / בריתות,https://mekomot-eruim.co.il/businesses/tesoro-tlv
טליה אירועים - אשקלון,אולם אירועים,אשקלון,דרום,עד 500,,אולמות,https://mekomot-eruim.co.il/businesses/Talia-events
טרסא חצר אירועים - אוניברסיטת בר אילן גבעת שמואל,אולם אירועים,גבעת שמואל,מרכז,,,אולמות / כנסים / כנסים קטנים / בריתות,https://mekomot-eruim.co.il/businesses/terasaa
ימה - בית אירועים על הים - חיפה,אולם אירועים,חיפה,צפון,,,אולמות / כנסים / מיוחדים / על הים / קטנים,https://mekomot-eruim.co.il/businesses/yama-haifa
יקב גארדן - חוף פולג - נתניה,אולם אירועים,נתניה,שרון,150-360,,אולמות / גני אירועים / כנסים / קטנים / עסקיים / בריתות / חינה,https://mekomot-eruim.co.il/businesses/hayekev-garden
לאו אירועים LEO - ראשון לציון,אולם אירועים,ראשון לציון,מרכז,עד 250,,אולמות / קטנים / עסקיים / בריתות / חינה,https://mekomot-eruim.co.il/businesses/leo-events
לואי Louie - פרדסיה,אולם אירועים,פרדסיה,שרון,160-250,,אולמות / גני אירועים / כנסים קטנים / מועדוני בת מצווה / מסיבות / קטנים / עסקיים / בריתות / חינה,https://mekomot-eruim.co.il/businesses/louie-pardesia
לואי אירועים - רעננה,אולם אירועים,רעננה,שרון,,,אולמות / כנסים קטנים / מועדונים / מועדוני בת מצווה / קטנים / עסקיים / בריתות / חינה,https://mekomot-eruim.co.il/businesses/Louie-events-raanana
לואר LUAR - מודיעין,אולם אירועים,מודיעין,מרכז,80-280,,אולמות / קטנים / בריתות / חינה,https://mekomot-eruim.co.il/businesses/luar-modiin
לוצ'נה אירועים - מבשרת ציון ירושלים,אולם אירועים,מבשרת ציון / ירושלים,ירושלים והסביבה,20-210,כשר למהדרין,אולמות / עסקיים,https://mekomot-eruim.co.il/businesses/luciana-m
לוק אירועי בוטיק - רחובות,אולם אירועים,רחובות,מרכז,עד 330,,אולמות / מועדונים / קטנים / עסקיים / בריתות,https://mekomot-eruim.co.il/businesses/look-events
ליאל גרדנס - פתח תקווה,אולם אירועים,פתח תקווה,מרכז,עד 400,,אולמות / גני אירועים / קטנים / בריתות / חינה,https://mekomot-eruim.co.il/businesses/liel-gardens
ליה אירועים - חולון,אולם אירועים,חולון,מרכז,50-170,,אולמות / קטנים / בריתות / חינה,https://mekomot-eruim.co.il/businesses/lia
לימאי אירועים - חדרה,אולם אירועים,חדרה,שרון,,,אולמות / קטנים / בריתות / חינה,https://mekomot-eruim.co.il/businesses/limai-events
מדלן אירועים הר הצופים - ירושלים,אולם אירועים,ירושלים,ירושלים והסביבה,,,אולמות / גני אירועים / מיוחדים,https://mekomot-eruim.co.il/businesses/madeleine
מול האגם אירועים - קרית מוצקין,אולם אירועים,קרית מוצקין,צפון,,כשרה,אולמות / מסעדות / כנסים קטנים / קטנים / בריתות,https://mekomot-eruim.co.il/businesses/mul-haagam
מול החומות - ירושלים,אולם אירועים,ירושלים,ירושלים והסביבה,עד 200,,אולמות / מיוחדים / קטנים / בריתות,https://mekomot-eruim.co.il/businesses/w-wall
מולה MULA - חדרה,אולם אירועים,חדרה,שרון,עד 100,,אולמות / מסעדות / על הים / קטנים / עסקיים / בריתות,https://mekomot-eruim.co.il/businesses/mula
מון - ראשון לציון,אולם אירועים,ראשון לציון,מרכז,עד 350,,אולמות / קטנים / עסקיים / בריתות / חינה,https://mekomot-eruim.co.il/businesses/moon-events
מייפל אירועים - פתח תקווה,אולם אירועים,פתח תקווה,מרכז,עד 400,,אולמות / גני אירועים / קטנים / עסקיים / בריתות,https://mekomot-eruim.co.il/businesses/maple
מליה אירועים - ראשון לציון,אולם אירועים,ראשון לציון,מרכז,עד 260,,אולמות / קטנים / עסקיים / בריתות / חינה,https://mekomot-eruim.co.il/businesses/melia-events
מנהטן אירועים - רמת גן / תל אביב,אולם אירועים,רמת גן / תל אביב,מרכז,עד 200,,אולמות / הרצאות / קטנים / עסקיים / בריתות / חינה,https://mekomot-eruim.co.il/businesses/Manhattan-1
מקום בים - אשקלון,אולם אירועים,אשקלון,דרום,,,אולמות / על הים / קטנים,https://mekomot-eruim.co.il/businesses/makombayam
מקסימו - יקנעם עילית,אולם אירועים,יקנעם עילית,צפון,70-240,,אולמות / קטנים / בריתות,https://mekomot-eruim.co.il/businesses/maximo
מרכז קסם כנסים ואירועים - ראש העין,אולם אירועים,ראש העין,מרכז,,,אולמות / כנסים / הרצאות / מיוחדים / עסקיים,https://mekomot-eruim.co.il/businesses/kesem-center
מרקטו - ראשון לציון,אולם אירועים,ראשון לציון,מרכז,עד 300,,אולמות / קטנים / בריתות,https://mekomot-eruim.co.il/businesses/mercato-events
מתחם אבן בלב שמורת הטבע - חבצלת השרון,אולם אירועים,חבצלת השרון,שרון,עד 400,,אולמות / גני אירועים / קטנים / בריתות,https://mekomot-eruim.co.il/businesses/stone-complex-events
מתחם אירועים סינמה סיטי ירושלים,אולם אירועים,ירושלים,ירושלים והסביבה,,,אולמות / חינה,https://mekomot-eruim.co.il/businesses/cinema
נונה אירועים - קדימה צורן,אולם אירועים,קדימה צורן,שרון,עד 180,,אולמות / הרצאות / קטנים / עסקיים / בריתות / חינה,https://mekomot-eruim.co.il/businesses/nona
נועה הבית לאירועים - אשדוד,אולם אירועים,אשדוד,דרום,עד 200,,אולמות / קטנים / בריתות,https://mekomot-eruim.co.il/businesses/noa-event
נועלה בשרון - כפר סבא,אולם אירועים,כפר סבא,שרון,30-800,,אולמות / מסעדות / קטנים / עסקיים / בריתות,https://mekomot-eruim.co.il/businesses/Noela
נוף הכרמל אירועים - עוספייה (חיפה),אולם אירועים,עוספייה,צפון,,,אולמות / גני אירועים / מיוחדים / קטנים / עסקיים,https://mekomot-eruim.co.il/businesses/amim-veteamim
ניין גלרי Nine Gallery - פתח תקווה,אולם אירועים,פתח תקווה,מרכז,,,אולמות / קטנים,https://mekomot-eruim.co.il/businesses/nine-gallery
סאלה אירועים מלון דיסיטי מול נוף מדבר - מעלה אדומים,אולם אירועים,מעלה אדומים,ירושלים והסביבה,450-1000,,אולמות / כנסים / כנסים קטנים / קטנים,https://mekomot-eruim.co.il/businesses/sala-events
סיאל CIEL (כינורות) - חיפה,אולם אירועים,חיפה,צפון,עד 500,,אולמות,https://mekomot-eruim.co.il/businesses/Ciel-events
סיה אירועים - נס ציונה,אולם אירועים,נס ציונה,מרכז,עד 300,,אולמות / הרצאות / קטנים / עסקיים / בריתות,https://mekomot-eruim.co.il/businesses/sia-events
סיטי סטאר - אור יהודה,אולם אירועים,אור יהודה,מרכז,עד 300,,אולמות / קטנים / בריתות / חינה,https://mekomot-eruim.co.il/businesses/citystar-events
סייטה - ראשון לציון,אולם אירועים,ראשון לציון,מרכז,עד 150,,אולמות / כנסים / מועדונים / קטנים / עסקיים / בריתות,https://mekomot-eruim.co.il/businesses/siete
סינקו אירועים - רחובות,אולם אירועים,רחובות,מרכז,עד 260,,אולמות / קטנים / עסקיים / בריתות,https://mekomot-eruim.co.il/businesses/synco-events
סליה אירועים - חולון,אולם אירועים,חולון,מרכז,50-300,,אולמות / כנסים / הרצאות / קטנים / חינה,https://mekomot-eruim.co.il/businesses/celia
סמי בכיכר אירועים - חדרה,אולם אירועים,חדרה,שרון,,,אולמות / מסעדות / קטנים / בריתות / חינה,https://mekomot-eruim.co.il/businesses/sami
סנטרל אירועים - פתח תקווה,אולם אירועים,פתח תקווה,מרכז,100-500,כשרות מהודרת,אולמות / כנסים / קטנים / עסקיים / בריתות / חינה,https://mekomot-eruim.co.il/businesses/central-events
פבריקה אירועים Fabrica - כפר סבא,אולם אירועים,כפר סבא,שרון,70-250,,אולמות / גני אירועים / כנסים / קטנים / עסקיים,https://mekomot-eruim.co.il/businesses/Fabrica
"פולגה אירועים - פולג, נתניה",אולם אירועים,נתניה,שרון,70-300,,אולמות / כנסים / כנסים קטנים / קטנים / עסקיים / בריתות / חינה,https://mekomot-eruim.co.il/businesses/polega-1
פוראבר FOREVER - פתח תקווה,אולם אירועים,פתח תקווה,מרכז,עד 200,,אולמות / כנסים קטנים / מועדוני בת מצווה / קטנים / בריתות,https://mekomot-eruim.co.il/businesses/FOREVER
פיטנגו אירועים - נתניה,אולם אירועים,נתניה,שרון,עד 200,,אולמות / קטנים / עסקיים / בריתות / חינה,https://mekomot-eruim.co.il/businesses/pitango-events
פלטין אירועי בוטיק - ראשון לציון,אולם אירועים,ראשון לציון,מרכז,עד 120,,אולמות / מועדונים / מועדוני בת מצווה / קטנים / בריתות,https://mekomot-eruim.co.il/businesses/platin-events
צהלה אירועים - רמת השרון - תל אביב,אולם אירועים,רמת השרון / תל אביב,,עד 150,,אולמות / קטנים / עסקיים / בריתות,https://mekomot-eruim.co.il/businesses/tzahala-events
קיבוץ אירועים מול הים - ראשון לציון,אולם אירועים,ראשון לציון,מרכז,,,אולמות / מיוחדים / על הים / קטנים / עסקיים / בריתות / חינה,https://mekomot-eruim.co.il/businesses/events-by-the-sea
קינגסטון אירועים - נווה יעקב - ירושלים,אולם אירועים,ירושלים,ירושלים והסביבה,עד 300,,אולמות,https://mekomot-eruim.co.il/businesses/kingston-events
קליי אירועים Clay - פתח תקווה,אולם אירועים,פתח תקווה,מרכז,80-400,,אולמות / כנסים / קטנים / עסקיים / בריתות / חינה,https://mekomot-eruim.co.il/businesses/Clay-events
קליספרה אירועים - ראשון לציון,אולם אירועים,ראשון לציון,מרכז,עד 300,,אולמות / קטנים / בריתות,https://mekomot-eruim.co.il/businesses/kalispera
קסיופאה מתחם לאירועים / כנסים - יהוד,אולם אירועים,יהוד,מרכז,,,אולמות / עסקיים,https://mekomot-eruim.co.il/businesses/casyopea
ראיחונה אירועים - אשדוד,אולם אירועים,אשדוד,דרום,30-150,כשר,אולמות / מסעדות / קטנים / בריתות / חינה,https://mekomot-eruim.co.il/businesses/raihona
רוז אירועים ROSE - רחובות,אולם אירועים,רחובות,מרכז,עד 250,,אולמות / כנסים / הרצאות / קטנים / עסקיים / בריתות,https://mekomot-eruim.co.il/businesses/ROSE-small-events-rehovot
ריה אירועים - פתח תקווה,אולם אירועים,פתח תקווה,מרכז,עד 300,,אולמות / קטנים / עסקיים / בריתות / חינה,https://mekomot-eruim.co.il/businesses/riya-events
רפאל בית לאירועים - תל אביב,אולם אירועים,תל אביב,מרכז,עד 270,כשר למהדרין,אולמות / קטנים / עסקיים / בריתות,https://mekomot-eruim.co.il/businesses/refaelevents
שונס אירועים - קרית עקרון,אולם אירועים,קרית עקרון,מרכז,עד 350,,אולמות / קטנים / בריתות / חינה,https://mekomot-eruim.co.il/businesses/shons-events
שיבולים אירועים - נתניה,אולם אירועים,נתניה,שרון,עד 250,,אולמות / קטנים / עסקיים / בריתות / חינה,https://mekomot-eruim.co.il/businesses/shibolim-events-1
שלוש - אור יהודה,אולם אירועים,אור יהודה,מרכז,עד 300,,אולמות / קטנים / עסקיים / בריתות,https://mekomot-eruim.co.il/businesses/shalosh-events
שנקין אירועים - רעננה,אולם אירועים,רעננה,שרון,60-180,,אולמות / כנסים / הרצאות / כנסים קטנים / קטנים / עסקיים / בריתות / חינה,https://mekomot-eruim.co.il/businesses/Shenkin-Events-Raanana
שף רוסלן בית לאוכל ואירועים - משגב,אולם אירועים,משגב,צפון,עד 700,,אולמות / מסעדות / קטנים,https://mekomot-eruim.co.il/businesses/chefruslan-restaurant
שרביה Sharabiya - יפו,אולם אירועים,יפו,מרכז,50-200,,אולמות / כנסים / הרצאות / כנסים קטנים / מיוחדים / קטנים / עסקיים / בריתות / חינה,https://mekomot-eruim.co.il/businesses/sharabiya
"1883,טרקלין לאירועים וכנסים - ראשון לציון",אולם כנסים,ראשון לציון,מרכז,,,כנסים / הרצאות / כנסים קטנים / קטנים,https://mekomot-eruim.co.il/businesses/1883
THE ONE - פולג-נתניה,אולם כנסים,נתניה,שרון,עד 370,,כנסים / עסקיים / בריתות,https://mekomot-eruim.co.il/businesses/the-one-events-netanya
The Loft Events – מתחם כנסים בעמק חפר,אולם כנסים,עמק חפר,שרון,,,כנסים / כיתות לימוד / ריטריטים / עסקיים,https://mekomot-eruim.co.il/businesses/theloft-events
אהרונה - ביתן אהרון (בין נתניה וחדרה),אולם כנסים,ביתן אהרון,שרון,עד 150,,כנסים / קטנים,https://mekomot-eruim.co.il/businesses/aharona
אל סירקולו אירועים - גבעת שמואל,אולם כנסים,גבעת שמואל,מרכז,עד 50,,כנסים / כיתות לימוד / הרצאות / כנסים קטנים / עסקיים,https://mekomot-eruim.co.il/businesses/elcirculo
אליהב 9 - רמת גן,אולם כנסים,רמת גן,מרכז,עד 30,,כנסים / כיתות לימוד / הרצאות / כנסים קטנים / עסקיים,https://mekomot-eruim.co.il/businesses/elihav9
בית בכפר - כפר סבא,אולם כנסים,כפר סבא,שרון,,,כנסים / כיתות לימוד / הרצאות / כנסים קטנים / עסקיים,https://mekomot-eruim.co.il/businesses/bayit-bakfar
בית וגן - ירושלים,אולם כנסים,ירושלים,ירושלים והסביבה,,,שבת חתן / כנסים / כיתות לימוד / הרצאות / כנסים קטנים,https://mekomot-eruim.co.il/businesses/bvh
בית מאירסדורף - ירושלים,אולם כנסים,ירושלים,ירושלים והסביבה,עד 300,,שבת חתן / כנסים / הרצאות,https://mekomot-eruim.co.il/businesses/bmfc
גבעת התחמושת - ירושלים,אולם כנסים,ירושלים,ירושלים והסביבה,עד 140,,כנסים / כיתות לימוד / כנסים קטנים / מיוחדים / קטנים,https://mekomot-eruim.co.il/businesses/givat-hatahmoshet
גרין אירועי חברות וכנסים - Green Events כפר ויתקין,אולם כנסים,כפר ויתקין,שרון,,כשר,כנסים / כיתות לימוד / כנסים קטנים / ריטריטים / עסקיים,https://mekomot-eruim.co.il/businesses/green-events
גרנד קורט ירושלים,אולם כנסים,ירושלים,ירושלים והסביבה,,,שבת חתן / כנסים / הרצאות,https://mekomot-eruim.co.il/businesses/grandh
היכל פיס לתרבות ולאמנויות - ירושלים,אולם כנסים,ירושלים,ירושלים והסביבה,,,כנסים / הרצאות,https://mekomot-eruim.co.il/businesses/cultural-hall-jerusalem
הכוורת - בית חורון,אולם כנסים,בית חורון,,עד 120,,כנסים / מיוחדים / קטנים / עסקיים,https://mekomot-eruim.co.il/businesses/hakaveret-bet-horon
המכון הבינלאומי למנהיגות בית ברל - כפר סבא,אולם כנסים,כפר סבא,שרון,,,כנסים / הרצאות / עסקיים,https://mekomot-eruim.co.il/businesses/beit-berl-2
המרחב בפרדס חנה – מתחם לכנסים סדנאות,אולם כנסים,פרדס חנה,שרון,,,כנסים / הרצאות / כנסים קטנים / ריטריטים / אירועי חברות וסדנאות,https://mekomot-eruim.co.il/businesses/hamerhav
המרחב החברתי כיכר אתרים - תל אביב,אולם כנסים,תל אביב,מרכז,,,כנסים / כיתות לימוד / הרצאות / כנסים קטנים / אירועי חברות וסדנאות / עסקיים,https://mekomot-eruim.co.il/businesses/kikar-atarim
המרכז הישראלי למצויינות בחינוך - ירושלים,אולם כנסים,ירושלים,ירושלים והסביבה,,,כנסים,https://mekomot-eruim.co.il/businesses/iasa-center-jerusalem
הספרייה הלאומית ירושלים – השכרת אולמות לכנסים ואירועים,אולם כנסים,ירושלים,ירושלים והסביבה,,,כיתות לימוד / הרצאות / כנסים קטנים,https://mekomot-eruim.co.il/businesses/national-library
ליד אפ כנסים - כפר עיינות / רחובות / נס ציונה,אולם כנסים,כפר עיינות / רחובות / נס ציונה,מרכז,,,כנסים / כיתות לימוד / הרצאות,https://mekomot-eruim.co.il/businesses/lead-up
לייף אקדמי Life Academy - תל אביב,אולם כנסים,תל אביב,מרכז,,,כנסים / כיתות לימוד / הרצאות / כנסים קטנים / עסקיים,https://mekomot-eruim.co.il/businesses/life-academy
מדרשת שומרון - שבי שומרון,אולם כנסים,שבי שומרון,,,,שבת חתן / כנסים / הרצאות / כנסים קטנים / אירועי חברות וסדנאות,https://mekomot-eruim.co.il/businesses/midshomron
מכון יעיל - הפקולטה לחקלאות רחובות,אולם כנסים,רחובות,מרכז,,,כיתות לימוד / כנסים קטנים,https://mekomot-eruim.co.il/businesses/yail
מרכז מורשת מנחם בגין - ירושלים,אולם כנסים,ירושלים,ירושלים והסביבה,,,כנסים / כיתות לימוד / הרצאות / עסקיים,https://mekomot-eruim.co.il/businesses/begin-center-1
מרכז ענב לתרבות - תל אביב,אולם כנסים,תל אביב,מרכז,,,כנסים / עסקיים,https://mekomot-eruim.co.il/businesses/enav-center
מרכז קהילתי נווה אליעזר - תל אביב-יפו,אולם כנסים,תל אביב-יפו,מרכז,,,כנסים / כיתות לימוד / הרצאות / עסקיים,https://mekomot-eruim.co.il/businesses/Neve-Eliezer
נוקטורנו אירועים - ירושלים,אולם כנסים,ירושלים,ירושלים והסביבה,עד 100,,כנסים / קטנים / עסקיים,https://mekomot-eruim.co.il/businesses/nocturno
עזריאלי 29 - תל אביב,אולם כנסים,תל אביב,מרכז,עד 180,,כנסים / הרצאות / עסקיים,https://mekomot-eruim.co.il/businesses/azrieli29
שרינה שוקולד - עין ורד (אזור השרון),אולם כנסים,עין ורד,שרון,,,כנסים / הרצאות / ימי הולדת / קטנים / עסקיים,https://mekomot-eruim.co.il/businesses/Sherina-Chocolate
4 בתי כנסת הספרדים - ירושלים,בית כנסת,ירושלים,ירושלים והסביבה,עד 150,,בית כנסת,https://mekomot-eruim.co.il/businesses/four-synagogues
בית הכנסת אוהל יעקב עלייה לתורה לבר מצווה - זכרון יעקב,בית כנסת,זכרון יעקב,צפון,,,בית כנסת,https://mekomot-eruim.co.il/businesses/ohely-yakov
בית הכנסת אוהל מועד - תל אביב,בית כנסת,תל אביב,מרכז,,,בית כנסת,https://mekomot-eruim.co.il/businesses/ohel-moed-synagogue
בית הכנסת האיטלקי - ירושלים,בית כנסת,ירושלים,ירושלים והסביבה,,,בית כנסת,https://mekomot-eruim.co.il/businesses/italiansynagogue
בית הכנסת הארי - ירושלים,בית כנסת,ירושלים,ירושלים והסביבה,,,בית כנסת,https://mekomot-eruim.co.il/businesses/harisynagogue
בית הכנסת הגדול - ירושלים,בית כנסת,ירושלים,ירושלים והסביבה,,,בית כנסת,https://mekomot-eruim.co.il/businesses/The-Great-Synagogue-Jerusalem
בית הכנסת הגדול ראשון לציון,בית כנסת,ראשון לציון,מרכז,,,בית כנסת,https://mekomot-eruim.co.il/businesses/rishonlezion-great-synagogue
בית הכנסת היכל מאיר - תל אביב,בית כנסת,תל אביב,מרכז,עד 350,,בית כנסת / מיוחדים / קטנים / בריתות,https://mekomot-eruim.co.il/businesses/heichal-Meir-Synagogue
בית הכנסת היכל מרדכי - הרצליה,בית כנסת,הרצליה,שרון,,,בית כנסת,https://mekomot-eruim.co.il/businesses/mordechai
בית הכנסת המרכזי לצפון תל אביב,בית כנסת,תל אביב,מרכז,,,בית כנסת,https://mekomot-eruim.co.il/businesses/126
בית הכנסת העתיק - יפו,בית כנסת,יפו,מרכז,,,בית כנסת / מיוחדים,https://mekomot-eruim.co.il/businesses/old-jaffa-shul
בית הכנסת ימין משה - ירושלים,בית כנסת,ירושלים,ירושלים והסביבה,עד 50,,בית כנסת,https://mekomot-eruim.co.il/businesses/yeminmoshesynagogue
"בית הכנסת רמב""ם - חדרה",בית כנסת,חדרה,שרון,עד 400,,בית כנסת / מיוחדים,https://mekomot-eruim.co.il/businesses/Rambam-Synagogue-Hadera
בית הכנסת שערי צדק - קריית אונו,בית כנסת,קריית אונו,מרכז,,,בית כנסת / בריתות,https://mekomot-eruim.co.il/businesses/Shaare-Zedek-Synagogue
בית כנסת אהבת שלום - נתניה,בית כנסת,נתניה,שרון,,,בית כנסת,https://mekomot-eruim.co.il/businesses/ahvat-shalom-synagogue
"בית כנסת בית חב""ד - ירושלים",בית כנסת,ירושלים,ירושלים והסביבה,,,בית כנסת,https://mekomot-eruim.co.il/businesses/barmitzvajerusalem
בית כנסת בני דויד - תל אביב,בית כנסת,תל אביב,מרכז,,,בית כנסת,https://mekomot-eruim.co.il/businesses/bnei-david
בית כנסת ברכת יצחק - ראשון לציון,בית כנסת,ראשון לציון,מרכז,עד 100,,בית כנסת,https://mekomot-eruim.co.il/businesses/cneset
בית כנסת החורבה - ירושלים,בית כנסת,ירושלים,ירושלים והסביבה,עד 200,,בית כנסת / מיוחדים,https://mekomot-eruim.co.il/businesses/ruined-synagogue
בית כנסת היכל ראובן והיכל מאיר - אשדוד,בית כנסת,אשדוד,דרום,,,בית כנסת,https://mekomot-eruim.co.il/businesses/heichal-reoven
"בית כנסת חב""ד בעתיקה - באר שבע",בית כנסת,באר שבע,דרום,עד 60,,בית כנסת / שבת חתן,https://mekomot-eruim.co.il/businesses/chabad-baatika
בית כנסת יד לאחים - אור יהודה,בית כנסת,אור יהודה,מרכז,,,בית כנסת,https://mekomot-eruim.co.il/businesses/yad-hacim
בית כנסת לאירועים - בקעת אונו סביון,בית כנסת,סביון,מרכז,,,בית כנסת / קטנים,https://mekomot-eruim.co.il/businesses/savion
בית כנסת לאירועים / שבת חתן - קרית מוצקין,בית כנסת,קרית מוצקין,צפון,,,בית כנסת / שבת חתן,https://mekomot-eruim.co.il/businesses/mozkin
בית כנסת רננים היכל שלמה - ירושלים,בית כנסת,ירושלים,ירושלים והסביבה,,,בית כנסת,https://mekomot-eruim.co.il/businesses/shlomo-temple-synagogue
בית כנסת שבת אחים - בת ים,בית כנסת,בת ים,מרכז,עד 120,,בית כנסת / קטנים / בריתות,https://mekomot-eruim.co.il/businesses/Shevet-ahim
בריכת הולמס פלייס - מודיעין,בריכה,מודיעין,מרכז,,,מועדוני בת מצווה / ימי הולדת,https://mekomot-eruim.co.il/businesses/golan-hafakot
בריכת הסולטן - עזריקם (אזור אשדוד),בריכה,עזריקם,דרום,,,בריכה / מסיבות / עסקיים,https://mekomot-eruim.co.il/businesses/sultans-pool
בריכת הפרדסים - פרדס חנה - כרכור,בריכה,פרדס חנה - כרכור,שרון,,,גני אירועים / בריכה / מיוחדים / קטנים / בריתות,https://mekomot-eruim.co.il/businesses/orchard-pool--pardes-hanna-karkur
בריכת חגור - מושב חגור,בריכה,חגור,מרכז,,,בריכה / מיוחדים / עסקיים,https://mekomot-eruim.co.il/businesses/hagorpool
בריכת ספורטן - פתח תקווה,בריכה,פתח תקווה,מרכז,,,ימי הולדת / בריכה / מסיבות / עסקיים,https://mekomot-eruim.co.il/businesses/sportanpool-pt
בת מצווה / בר מצווה וימי הולדת - בריכת קיבוץ גבעת השלושה,בריכה,גבעת השלושה,מרכז,,,מועדוני בת מצווה / ימי הולדת / בריכה,https://mekomot-eruim.co.il/businesses/toro-summer-pool-givat-hashlosha
הבועה 17 - ראשון לציון,בריכה,ראשון לציון,מרכז,עד 150,,בריכה,https://mekomot-eruim.co.il/businesses/habua-17-rishonlezion
החצר האחורית - הוד השרון,בריכה,הוד השרון,שרון,עד 160,,בריכה,https://mekomot-eruim.co.il/businesses/the-back-yard-hod-hasharon-1
מסיבות לילדים / בר בת מצווה - בריכת קיבוץ עינת,בריכה,עינת,מרכז,,,ימי הולדת / בריכה,https://mekomot-eruim.co.il/businesses/toro-summer-pool-einat
Jaffa House – גג פנטהאוז ביפו לאירועי בוטיק,גג,יפו,מרכז,,,גגות,https://mekomot-eruim.co.il/businesses/jaffa-house
ROOFTOP EVENTS גג ברובע - ראשון לציון,גג,ראשון לציון,מרכז,עד 200,,אולמות / גגות / מסעדות / מסיבות / מיוחדים / קטנים / עסקיים / בריתות / חינה,https://mekomot-eruim.co.il/businesses/rooftop-events
RoofTop 45 גג לאירועים ברחוב הירקון מול הים - תל אביב,גג,תל אביב,מרכז,,,גגות / על הים / קטנים / חינה,https://mekomot-eruim.co.il/businesses/RoofTop-45
אלמאגו - תל אביב,גג,תל אביב,מרכז,עד 100,,גגות / מועדונים / מסיבות / מיוחדים / קטנים / עסקיים / חינה,https://mekomot-eruim.co.il/businesses/alemagou
אסטרה אירועי בוטיק - מבשרת ציון - ירושלים,גג,מבשרת ציון,ירושלים והסביבה,עד 120,,גגות,https://mekomot-eruim.co.il/businesses/astra-events
בגגיסטה גג לאירועים בפלורנטין - תל אביב,גג,תל אביב,מרכז,עד 40,,גגות / הרצאות / מסיבות,https://mekomot-eruim.co.il/businesses/florentine
בל ובלה Bell & Bella - רמת גן,גג,רמת גן,מרכז,עד 150,,גגות / מועדונים / מועדוני בת מצווה / קטנים / עסקיים,https://mekomot-eruim.co.il/businesses/bell-bella
בלקוני גג לאירועים למסיבות -אשדוד,גג,אשדוד,דרום,עד 80,,גגות / בריכה / מסיבות / עסקיים,https://mekomot-eruim.co.il/businesses/balcony
גאיה Gaia Gallery - רמת גן,גג,רמת גן,מרכז,עד 100,,גגות / כיתות לימוד / מועדונים / מועדוני בת מצווה / מסיבות / עסקיים,https://mekomot-eruim.co.il/businesses/Gaia-Gallery
גג ביפו - יפו - תל אביב,גג,יפו,מרכז,עד 500,,עסקיים,https://mekomot-eruim.co.il/businesses/gag-jaffa
גג בלב תל אביב,גג,תל אביב,מרכז,,,גגות,https://mekomot-eruim.co.il/businesses/lev-tlv
גג גורדון מול הים - תל אביב,גג,תל אביב,מרכז,עד 80,,גגות,https://mekomot-eruim.co.il/businesses/gordon
גג גלריה 601 - תל אביב,גג,תל אביב,מרכז,עד 100,,גגות,https://mekomot-eruim.co.il/businesses/601
גג המרפסת של מוסללה – אירועים בלב העיר ירושלים,גג,ירושלים,ירושלים והסביבה,,,כנסים קטנים / מסיבות / ריטריטים / אירועי חברות וסדנאות / עסקיים,https://mekomot-eruim.co.il/businesses/muslala
גג לאירועים מלון עלמא - תל אביב,גג,תל אביב,מרכז,עד 80,,גגות,https://mekomot-eruim.co.il/businesses/alma-hotel-tlv
גג לאירועים סקיי ויוו sky view - קרית אתא,גג,קרית אתא,צפון,עד 250,,גגות / מסיבות,https://mekomot-eruim.co.il/businesses/skyview
גג פנטהאוז לאירועים - בת ים,גג,בת ים,מרכז,עד 25,,גגות / בריכה / מיוחדים / על הים / קטנים / עסקיים,https://mekomot-eruim.co.il/businesses/bat-yam-penthouse
גג קינג ג'ורג' אירועים - פתח תקווה,גג,פתח תקווה,מרכז,50-100,,גגות / קטנים,https://mekomot-eruim.co.il/businesses/king-george-event
גג רופטופ 16 - רמת גן,גג,רמת גן,מרכז,עד 80,,גגות / מועדוני בת מצווה / מסיבות / עסקיים,https://mekomot-eruim.co.il/businesses/ruftop-16
גג רופטופ אגריפס לאירועים - מחנה יהודה ירושלים,גג,ירושלים,ירושלים והסביבה,,,גגות / מסעדות / קטנים,https://mekomot-eruim.co.il/businesses/agripas-e
גג רופטופ הטרסה - תל אביב,גג,תל אביב,מרכז,עד 49,,גגות / מועדונים / מסיבות / עסקיים,https://mekomot-eruim.co.il/businesses/rooftop-tlv
גג רופטופ לאירועים ומסיבות - חיפה,גג,חיפה,צפון,,,גגות / מועדונים / בריכה / מסיבות,https://mekomot-eruim.co.il/businesses/rooftop-haifa
גג רופטופ לופט סאנרייז - כפר סבא,גג,כפר סבא,שרון,עד 50,,גגות / מועדונים / בריכה / מסיבות / עסקיים,https://mekomot-eruim.co.il/businesses/sunrise-roof
גג רופטופ סאנטנה - רעננה,גג,רעננה,שרון,,,גגות / מועדוני בת מצווה / מסיבות / עסקיים,https://mekomot-eruim.co.il/businesses/rooftop-ranana
גג שרונה רופטופ לאירועים - מתחם שרונה תל אביב,גג,תל אביב,מרכז,עד 80,,גגות / קטנים / עסקיים,https://mekomot-eruim.co.il/businesses/sharonarooftop
גג תלפיות - חיפה,גג,חיפה,צפון,עד 110,,גגות / מועדונים / קריוקי / מסיבות / מיוחדים / אירועי חברות וסדנאות / חינה,https://mekomot-eruim.co.il/businesses/gag-talpiot
הגג בתל אביב - תל אביב,גג,תל אביב,מרכז,עד 80,,גני אירועים / גגות / שבת חתן / על הים / קטנים / בריתות,https://mekomot-eruim.co.il/businesses/hagag-tlv
הגג של ויקטור לאירועים - דרום תל אביב,גג,תל אביב,מרכז,,,גגות,https://mekomot-eruim.co.il/businesses/gag-yeveni
הפנטהאוז הירושלמי - ירושלים,גג,ירושלים,ירושלים והסביבה,20-100,,מיוחדים,https://mekomot-eruim.co.il/businesses/jerusalem-penthouse
מדבר אירועים מעלה אדומים – גג פתוח ובריכה פרטית לאירועים,גג,מעלה אדומים,ירושלים והסביבה,עד 180,,אולמות / גגות / בריכה / מיוחדים / קטנים,https://mekomot-eruim.co.il/businesses/midbar-events
מונדו 2000 גג לאירועים מיוחדים - תל אביב,גג,תל אביב,מרכז,,,גגות / מועדונים / מסיבות / מיוחדים,https://mekomot-eruim.co.il/businesses/mondo
פיאסטה - ראשון לציון,גג,ראשון לציון,מרכז,עד 120,,גגות / מועדונים / מועדוני בת מצווה / מסיבות / קטנים / חינה,https://mekomot-eruim.co.il/businesses/Fiesta-rishon-lezion
פנתרה גג לאירועים - מתחם שרונה תל אביב,גג,תל אביב,מרכז,עד 200,,גגות / כנסים / הרצאות / מסיבות / מיוחדים / עסקיים,https://mekomot-eruim.co.il/businesses/panthera-tiv
פסאו - מול הים ראשון לציון,גג,ראשון לציון,מרכז,עד 150,,גגות / על הים,https://mekomot-eruim.co.il/businesses/paseo
קאסה איוונט - נתניה,גג,נתניה,שרון,,,גגות / מועדונים / מסיבות / עסקיים,https://mekomot-eruim.co.il/businesses/san-marie-villa
קומת גג - פתח תקווה,גג,פתח תקווה,מרכז,עד 50,,גגות / מועדונים / מועדוני בת מצווה / בריכה / מסיבות / עסקיים,https://mekomot-eruim.co.il/businesses/gag-petachtikva
רופטופ 360 - רמת גן,גג,רמת גן,מרכז,,,גגות / מועדונים / בריכה / מסיבות,https://mekomot-eruim.co.il/businesses/360
רופטופ ראש העין - גג לאירועים ומסיבות,גג,ראש העין,מרכז,,,גגות,https://mekomot-eruim.co.il/businesses/roof
רופטופ ריינס 6 - תל אביב,גג,תל אביב,מרכז,עד 40,,גגות / ריטריטים,https://mekomot-eruim.co.il/businesses/reines-6
שערי צדק הישן - המרחב החברתי - ירושלים,גג,ירושלים,ירושלים והסביבה,,,גגות / כנסים / כיתות לימוד / כנסים קטנים / קטנים / עסקיים,https://mekomot-eruim.co.il/businesses/olg-shaare-zedek
אירועים ביער - פרדס חנה,גלמפינג,פרדס חנה,שרון,,,גלמפינג / מיוחדים / ריטריטים / אירועי חברות וסדנאות,https://mekomot-eruim.co.il/businesses/hayaar-pardeshana
ארץ הצבי חתונות בלב מדבר יהודה - כפר אדומים,גלמפינג,כפר אדומים,ירושלים והסביבה,,,גלמפינג / מיוחדים,https://mekomot-eruim.co.il/businesses/tsvi
ברוח הים – ליד חוף אכזיב נהריה,גלמפינג,אכזיב / נהריה,צפון,,,גלמפינג,https://mekomot-eruim.co.il/businesses/ruah-hayam
חוות הדקלים - צפון הנגב קרוב לאופקים,גלמפינג,ליד אופקים,דרום,עד 300,,גלמפינג / בריכה / מיוחדים / אירועי חברות וסדנאות,https://mekomot-eruim.co.il/businesses/havat-hadkalim
לבונה בערבה – גלמפינג / ריטריטים,גלמפינג,הערבה,דרום,,,גלמפינג / מיוחדים / ריטריטים,https://mekomot-eruim.co.il/businesses/levona
קליה ארץ התמר חתונות / גלמפיינג / אירוח שבת חתן - ים המלח,גלמפינג,ים המלח,,,,גלמפינג / שבת חתן / מיוחדים,https://mekomot-eruim.co.il/businesses/kalia-deadsea-hosting
FINE events פיין אירועים - חיפה,גן אירועים,חיפה,צפון,עד 250,,גני אירועים / וילות / מועדונים / מסיבות / קטנים / חינה,https://mekomot-eruim.co.il/businesses/fine-events
Win ווין גן אירועים - עמק חפר (ליד נתניה),גן אירועים,עמק חפר,שרון,,,אולמות / גני אירועים / כנסים / עסקיים,https://mekomot-eruim.co.il/businesses/winevents
אחוזת דוד בגלבוע - גלבוע,גן אירועים,גלבוע,צפון,,,גני אירועים / מיוחדים / עסקיים,https://mekomot-eruim.co.il/businesses/Ahuzat-David-in-Gilboa
בוסתן הזית - נהריה,גן אירועים,נהריה,צפון,,,גני אירועים / בריכה / מסיבות / מיוחדים,https://mekomot-eruim.co.il/businesses/olive-orchard
בית בגיא - ירושלים,גן אירועים,ירושלים,ירושלים והסביבה,עד 150,,גני אירועים / מיוחדים / קטנים / בריתות,https://mekomot-eruim.co.il/businesses/a-house-in-the-valley
בית הברכה אירועים - גוש עציון,גן אירועים,גוש עציון,ירושלים והסביבה,עד 300,,גני אירועים / מיוחדים,https://mekomot-eruim.co.il/businesses/beit-elbarake
גזוזטרא - פדואל בשומרון,גן אירועים,פדואל,,עד 500,,גני אירועים / מיוחדים,https://mekomot-eruim.co.il/businesses/gzuztra
גן אירועים ארבע עונות - קיבוץ ברור חיל,גן אירועים,ברור חיל,דרום,,,אולמות / גני אירועים / עסקיים,https://mekomot-eruim.co.il/businesses/arba-onot
הבוסתן - אבו גוש,גן אירועים,אבו גוש,ירושלים והסביבה,עד 700,,גני אירועים / כנסים קטנים / מיוחדים / עסקיים,https://mekomot-eruim.co.il/businesses/Bustan-Abu-Ghosh
הבוסתן הגלילי - חתונה בעמק יזרעאל,גן אירועים,עמק יזרעאל,צפון,,,גני אירועים / בריכה / מיוחדים,https://mekomot-eruim.co.il/businesses/yizrael
הפינה הירוקה - תל אביב,גן אירועים,תל אביב,מרכז,40-250,כשר (אינו פעיל בשבת),גני אירועים / מיוחדים / קטנים / עסקיים / בריתות,https://mekomot-eruim.co.il/businesses/hapina
השמורה אירועים - חדרה,גן אירועים,חדרה,שרון,עד 350,,גני אירועים / מועדוני בת מצווה / בריכה / מיוחדים / קטנים / בריתות / חינה,https://mekomot-eruim.co.il/businesses/hashmura-hadera
חורשת האקליפטוס - תל אביב,גן אירועים,תל אביב,מרכז,עד 350,,גני אירועים / מיוחדים / עסקיים,https://mekomot-eruim.co.il/businesses/eucalyptus
חצר סרגיי - ירושלים,גן אירועים,ירושלים,ירושלים והסביבה,100+,,גני אירועים / מיוחדים,https://mekomot-eruim.co.il/businesses/sergepalace-jlm
יוענה אירועים בטבע - באר יעקב,גן אירועים,באר יעקב,מרכז,עד 150,כשרות חלבית מהדרין,גני אירועים / מיוחדים / אירועי חברות וסדנאות / קטנים / בריתות,https://mekomot-eruim.co.il/businesses/yoana
לורן אירועים רחובות,גן אירועים,רחובות,מרכז,עד 300,,גני אירועים / קטנים / בריתות / חינה,https://mekomot-eruim.co.il/businesses/loren
מטע אבוקדו לאירועים בלב השרון,גן אירועים,לב השרון,שרון,,,גני אירועים / מיוחדים / עסקיים,https://mekomot-eruim.co.il/businesses/avocadoplantationevents
מטע זיתים אירועים - כרמי יוסף,גן אירועים,כרמי יוסף,,עד 350,,גני אירועים / מיוחדים,https://mekomot-eruim.co.il/businesses/olives-eventa
מיקה גן אירועים - תל אביב,גן אירועים,תל אביב,מרכז,עד 250,,עסקיים,https://mekomot-eruim.co.il/businesses/mika-events
מרכז דוידסון - אירוע בכותל הדרומי - ירושלים,גן אירועים,ירושלים,ירושלים והסביבה,עד 1000,,גני אירועים / כנסים / הרצאות / מיוחדים / קטנים / בריתות,https://mekomot-eruim.co.il/businesses/davidson-center
מתחם נורה אירועים noora events - איזור לטרון מול הרי ירושלים,גן אירועים,אזור לטרון,,עד 250,,גני אירועים / מיוחדים,https://mekomot-eruim.co.il/businesses/noora
עולמיא - ארמון הנציב - ירושלים,גן אירועים,ירושלים,ירושלים והסביבה,עד 270,,גני אירועים / מיוחדים / קטנים,https://mekomot-eruim.co.il/businesses/olmaya
עין חמד - גן אירועים בלב הטבע - גן לאומי עין חמד,גן אירועים,עין חמד,ירושלים והסביבה,,,גני אירועים / מיוחדים,https://mekomot-eruim.co.il/businesses/einhemed
עין יעל - ירושלים,גן אירועים,ירושלים,ירושלים והסביבה,עד 450,,גני אירועים / מיוחדים / קטנים / בריתות,https://mekomot-eruim.co.il/businesses/Ein-Yael
שמורתה - קיבוץ אפק,גן אירועים,קיבוץ אפק,צפון,,,גני אירועים,https://mekomot-eruim.co.il/businesses/shmurata
תל יצחק אירועים - קיבוץ תל יצחק (בקרבת נתניה),גן אירועים,תל יצחק,שרון,,,גני אירועים / מיוחדים / קטנים / עסקיים,https://mekomot-eruim.co.il/businesses/telyzhak-garden
אודם האלה - מושב מטע (אזור בית שמש),וילה,מטע,,,,וילות / בריכה,https://mekomot-eruim.co.il/businesses/odemhaela
אחוזה 14 - צפריה ליד אור יהודה,וילה,צפריה,מרכז,עד 150,,וילות / שבת חתן / שף / בריכה / מיוחדים / אירועי חברות וסדנאות / קטנים / עסקיים,https://mekomot-eruim.co.il/businesses/hahoza14
אחוזת הסתיו למרגלות הגלבוע – פרזון,וילה,פרזון,צפון,,,וילות / שבת חתן / בריכה,https://mekomot-eruim.co.il/businesses/staav-hagilboa
אחוזת נאיה - מבשרת ציון,וילה,מבשרת ציון,ירושלים והסביבה,עד 150,,וילות / בריכה / קטנים / חינה,https://mekomot-eruim.co.il/businesses/NayaEvents
אירועים בגן - כפר טרומן (בקרבת שוהם),וילה,כפר טרומן,מרכז,עד 200,,וילות / מועדוני בת מצווה / בריכה / מסיבות,https://mekomot-eruim.co.il/businesses/eroim-bagan
דרנה וילות - אזור בית שמש,וילה,אזור בית שמש,ירושלים והסביבה,,,שבת חתן,https://mekomot-eruim.co.il/businesses/darnavilas
הווילות לשבת חתן - שדה צבי (נתיבות),וילה,שדה צבי,דרום,,,שבת חתן,https://mekomot-eruim.co.il/businesses/sdetzvi-villas
הוילה באולגה - שבת חתן באזור השרון,וילה,אולגה,שרון,,,שבת חתן,https://mekomot-eruim.co.il/businesses/olga
הוילה בטבריה,וילה,טבריה,צפון,עד 50,,שבת חתן,https://mekomot-eruim.co.il/businesses/tiberias-villa
החוויה בוילה - בית שמש,וילה,בית שמש,ירושלים והסביבה,,,שבת חתן,https://mekomot-eruim.co.il/businesses/havia
הקסם ביערים – וילה בקריית יערים,וילה,קריית יערים,ירושלים והסביבה,,,שבת חתן,https://mekomot-eruim.co.il/businesses/kiryat-yearim
וילה אננדה - גפן (בקרבת בית שמש),וילה,גפן (בקרבת בית שמש),,עד 450,,מיוחדים / עסקיים,https://mekomot-eruim.co.il/businesses/villa-ananda
וילה בהר - הר שמואל (גבעת זאב / ירושלים),וילה,הר שמואל,ירושלים והסביבה,,,שבת חתן,https://mekomot-eruim.co.il/businesses/vila-bahar-jeru
וילה בצוק - נתניה,וילה,נתניה,שרון,,,וילות / שבת חתן / בריכה,https://mekomot-eruim.co.il/businesses/tzokvila
וילה בתלמים - מושב תלמים (בדרום),וילה,תלמים,דרום,,,וילות / שבת חתן / בריכה,https://mekomot-eruim.co.il/businesses/tlamim-vila
וילה גארדן - משמר השבעה / ראשון לציון,וילה,משמר השבעה / ראשון לציון,מרכז,,,וילות / בריכה,https://mekomot-eruim.co.il/businesses/garden-vila
וילה גן יבנה,וילה,גן יבנה,,עד 50,,וילות / בריכה,https://mekomot-eruim.co.il/businesses/g-yavne
וילה דובאי - מושב זיתן ליד נתב״ג,וילה,זיתן,מרכז,,,וילות / בריכה,https://mekomot-eruim.co.il/businesses/dubai
וילה האחוזה - מושב תירוש בשפלה,וילה,תירוש,,,,שבת חתן,https://mekomot-eruim.co.il/businesses/villa-haachuza
וילה טל שחר לאירועים,וילה,טל שחר,,,,וילות / בריכה,https://mekomot-eruim.co.il/businesses/vilatalshahar
וילה לאירועי שבת חתן - קיסריה,וילה,קיסריה,שרון,,,שבת חתן,https://mekomot-eruim.co.il/businesses/vila-caesarea
"וילה לאירועים באזור השפלה (בקרבת נתב""ג)",וילה,אזור השפלה,,עד 100,,וילות / בריכה / מסיבות / מיוחדים / קטנים / עסקיים,https://mekomot-eruim.co.il/businesses/vila-shfela
וילה לאירועים בעין כרם - ירושלים,וילה,ירושלים,ירושלים והסביבה,עד 45,,וילות,https://mekomot-eruim.co.il/businesses/hatemanit
וילה לופט החווה - אזור רחובות,וילה,אזור רחובות,מרכז,עד 150,,וילות / מועדונים / בריכה / מסיבות / עסקיים,https://mekomot-eruim.co.il/businesses/ranch-loft-vila
וילה לופט פולג - נתניה,וילה,נתניה,שרון,,,שבת חתן,https://mekomot-eruim.co.il/businesses/poleg-vila
וילה לשבת חתן בחשמונאים - ליד מודיעין,וילה,חשמונאים (ליד מודיעין),,,,שבת חתן,https://mekomot-eruim.co.il/businesses/hashmonaim
וילה לשבת חתן במושב לוזית (בין בית שמש לקריית גת),וילה,לוזית,,עד 27,,שבת חתן,https://mekomot-eruim.co.il/businesses/luzit-vila
וילה לשבת חתן בשדות מיכה,וילה,שדות מיכה,,,,שבת חתן,https://mekomot-eruim.co.il/businesses/micha
וילה לשבת חתן מצודת ציון - תירוש,וילה,תירוש,,,,שבת חתן,https://mekomot-eruim.co.il/businesses/zion-villa
וילה מול החוף - חדרה,וילה,חדרה,שרון,,,וילות / שבת חתן / בריכה / מסיבות,https://mekomot-eruim.co.il/businesses/beach-villa-adera
וילה מול הים - נתניה,וילה,נתניה,שרון,,,וילות / שבת חתן / בריתות,https://mekomot-eruim.co.il/businesses/sea-villa-netanya
וילה מיכה - שבת חתן באזור השפלה בשדות מיכה,וילה,שדות מיכה,,,,שבת חתן,https://mekomot-eruim.co.il/businesses/villa-micha
וילה מסו - כפר טרומן,וילה,כפר טרומן,מרכז,,,וילות / מועדוני בת מצווה / בריכה / מיוחדים / קטנים / עסקיים,https://mekomot-eruim.co.il/businesses/villa-meso
וילה נוף ההרים - בית שמש,וילה,בית שמש,ירושלים והסביבה,,,שבת חתן,https://mekomot-eruim.co.il/businesses/vila-harim
וילה נוף מולדת לפידות – שבת חתן בגליל המערבי,וילה,לפידות,צפון,,,שבת חתן,https://mekomot-eruim.co.il/businesses/nof-moledet
וילה סול מארה - אשקלון,וילה,אשקלון,דרום,,,וילות / שבת חתן / בריכה,https://mekomot-eruim.co.il/businesses/villa-sul-mare
וילה סיארה SIARA - חיפה - קריות (צ'ק פוסט),וילה,חיפה - קריות,צפון,עד 100,,וילות / בריכה / מסיבות,https://mekomot-eruim.co.il/businesses/siara-vila
וילה סנדלר - מושב זיתן בשפלה,וילה,זיתן,מרכז,עד 200,,אולמות / וילות / מסעדות / כנסים קטנים / מיוחדים / קטנים / בריתות / חינה,https://mekomot-eruim.co.il/businesses/villa-sandler
וילה קיארה - נתניה,וילה,נתניה,שרון,עד 220,,אולמות / גני אירועים / וילות / שבת חתן / בריכה / על הים / קטנים / עסקיים / בריתות / חינה,https://mekomot-eruim.co.il/businesses/Villa-Kiara-Netanya
וילה שדה דוד - ליד קרית גת,וילה,שדה דוד (ליד קרית גת),דרום,עד 25,,שבת חתן,https://mekomot-eruim.co.il/businesses/sde-david
וילות טל שחר לאירוח שבת חתן - ליד רחובות,וילה,טל שחר,,,,שבת חתן,https://mekomot-eruim.co.il/businesses/talshahar-vilas
וילות יהלום בלבן - תירוש (בית שמש),וילה,תירוש,,,,שבת חתן,https://mekomot-eruim.co.il/businesses/Whitediamondvillas
וילות לשבת חתן - קרית גת,וילה,קרית גת,דרום,,,שבת חתן,https://mekomot-eruim.co.il/businesses/qiryatga-villas
וילות מקומות לשבת חתן בעמק המעינות / בית שאן,וילה,עמק המעינות / בית שאן,צפון,,,שבת חתן,https://mekomot-eruim.co.il/businesses/habatanhatan-emekmaainat
וילת הדקלים - ראשון לציון,וילה,ראשון לציון,מרכז,עד 50,,וילות / שף / בריכה,https://mekomot-eruim.co.il/businesses/vilarishon
וילת הצבי הירוק - שדה צבי,וילה,שדה צבי,דרום,עד 180,,וילות,https://mekomot-eruim.co.il/businesses/Green-deer-vila
וילת התפנוקים גבעת זאב ירושלים,וילה,גבעת זאב / ירושלים,ירושלים והסביבה,,,שבת חתן,https://mekomot-eruim.co.il/businesses/tifnukim
חלום של מקום - מושב הודיה (בקרבת אשקלון),וילה,הודיה,דרום,,,וילות / בריכה / מסיבות / קטנים / עסקיים,https://mekomot-eruim.co.il/businesses/halom-shel-makom
לה וילה תירוש - מושב תירוש בשפלה,וילה,תירוש,,,,שבת חתן,https://mekomot-eruim.co.il/businesses/la-villa
מול השדות - שדה משה שבחבל לכיש,וילה,שדה משה,דרום,עד 300,,וילות / בריכה / מיוחדים,https://mekomot-eruim.co.il/businesses/field-moses
נאריה האוס narya House - פתח תקווה,וילה,פתח תקווה,מרכז,,,וילות / בריכה / קטנים / עסקיים,https://mekomot-eruim.co.il/businesses/naryahouse
איב אירועים EVE - תל אביב,חדרי קריוקי,תל אביב,מרכז,,,קריוקי / עסקיים,https://mekomot-eruim.co.il/businesses/eve-events.
ביטבוקס - פתח תקווה,חדרי קריוקי,פתח תקווה,מרכז,,,קריוקי,https://mekomot-eruim.co.il/businesses/beat-box-1
גריי סטאר חדרי קריוקי לאירועים - יהוד,חדרי קריוקי,יהוד,מרכז,,,קריוקי / ימי הולדת,https://mekomot-eruim.co.il/businesses/gray-star-karaoke
לה ווייס קריוקי La Voice - ראש העין,חדרי קריוקי,ראש העין,מרכז,,,קריוקי,https://mekomot-eruim.co.il/businesses/la-voice-karaoke
מלודי ספוט - גן יבנה,חדרי קריוקי,גן יבנה,,,,כיתות לימוד / הרצאות / כנסים קטנים / קריוקי / ימי הולדת / מסיבות / עסקיים / חינה,https://mekomot-eruim.co.il/businesses/melody-spot
"מסתורי חדר בריחה, חדרי קריוקי לאירועים - ראשון לציון",חדרי קריוקי,ראשון לציון,מרכז,עד 60,,קריוקי,https://mekomot-eruim.co.il/businesses/Mysterious-event-Rishon-Lezion
סטייג חדרי קריוקי אירועים - נתניה,חדרי קריוקי,נתניה,שרון,עד 80,,קריוקי / מועדוני בת מצווה / ימי הולדת / מסיבות,https://mekomot-eruim.co.il/businesses/stage-club
סנסיטי Sencity חדרי קריוקי ובריחה - אריאל,חדרי קריוקי,אריאל,,,,קריוקי,https://mekomot-eruim.co.il/businesses/sencity-ariel
ספיקאון Speak On חדרי קריוקי - ראשון לציון,חדרי קריוקי,ראשון לציון,מרכז,,,קריוקי / מסיבות,https://mekomot-eruim.co.il/businesses/speak-on1
קריוקי ירושלים - ירושלים,חדרי קריוקי,ירושלים,ירושלים והסביבה,עד 25,,קריוקי,https://mekomot-eruim.co.il/businesses/jerusalem-karaoke
בוטיק היין בקציר - מקום מיוחד לאירועים קטנים בצפון,יקב,קציר,צפון,,,יקבים,https://mekomot-eruim.co.il/businesses/kazir
בר בכרם - יקב לאירועים בחזון,יקב,חזון,צפון,עד 200,,גני אירועים / יקבים / מיוחדים,https://mekomot-eruim.co.il/businesses/Bar-Bakerem
הכרם - עמק חפר (ליד נתניה),יקב,עמק חפר,שרון,100-400,,גני אירועים / יקבים / מיוחדים,https://mekomot-eruim.co.il/businesses/hacarem
יקב 70 - מושב אמונים (אזור אשדוד),יקב,אמונים,דרום,עד 50,,יקבים / עסקיים,https://mekomot-eruim.co.il/businesses/70winery
יקב אבנר - גבעת זאב (ירושלים),יקב,גבעת זאב,ירושלים והסביבה,,,יקבים,https://mekomot-eruim.co.il/businesses/avnerwinery-events
יקב אדיר - פארק תעשיה דלתון,יקב,דלתון,צפון,עד 120,,יקבים / מיוחדים,https://mekomot-eruim.co.il/businesses/adir-winery
יקב אלכסנדר - בית יצחק (ליד נתניה),יקב,בית יצחק,שרון,,,יקבים / כנסים / כנסים קטנים / מסיבות / מיוחדים / קטנים / עסקיים,https://mekomot-eruim.co.il/businesses/alexander-winery
יקב ברניקי אירועים - גידי בט - טבריה,יקב,טבריה,צפון,,,יקבים / מיוחדים / קטנים,https://mekomot-eruim.co.il/businesses/berenice-winery
יקב ג'ויס מול הכרם - ביצרון בין גדרה לאשדוד,יקב,ביצרון,,60-120,,גני אירועים / מסעדות / כנסים קטנים / מיוחדים / קטנים / עסקיים / בריתות,https://mekomot-eruim.co.il/businesses/joyce
יקב גבעות - גבעת הראל (בקרבת אריאל),יקב,גבעת הראל,,עד 120,,יקבים,https://mekomot-eruim.co.il/businesses/gvaot-winery
יקב הר אודם - מושב אודם,יקב,מושב אודם,צפון,עד 500,,יקבים / מיוחדים / עסקיים,https://mekomot-eruim.co.il/businesses/harodem
יקב חיטים - נווה מבטח (בקרבת גדרה),יקב,נווה מבטח,,עד 100,,גני אירועים / יקבים / מסעדות,https://mekomot-eruim.co.il/businesses/chitim-winery
יקב כרם ברק - מושב בקוע,יקב,בקוע,,,,יקבים / מיוחדים,https://mekomot-eruim.co.il/businesses/barak
יקב מוני - דיר ראפאת עמק שורק,יקב,דיר ראפאת,,עד 60,,יקבים,https://mekomot-eruim.co.il/businesses/mony-vineyard
יקב מרשה - מושב זרחיה (צומת קסטינה),יקב,זרחיה,דרום,,,יקבים / מיוחדים / עסקיים,https://mekomot-eruim.co.il/businesses/mareshawinery
יקב נבו - מושב מטע (ליד בית שמש),יקב,מטע,,,,יקבים / מיוחדים,https://mekomot-eruim.co.il/businesses/nevowinery
יקב נטוף - כפר טרומן,יקב,כפר טרומן,מרכז,,,יקבים / שף / כנסים / הרצאות / כנסים קטנים / מיוחדים / אירועי חברות וסדנאות / קטנים / עסקיים / בריתות,https://mekomot-eruim.co.il/businesses/natuf
"יקב עמק האלה - נתיב הל""ה",יקב,"נתיב הל""ה",,,,יקבים,https://mekomot-eruim.co.il/businesses/ella-valley
יקב ענתות - כפר ענתות (עלמון),יקב,ענתות,,עד 30,,יקבים,https://mekomot-eruim.co.il/businesses/anatotwinery
יקב פאר אירועים - טל שחר,יקב,טל שחר,,עד 100,,יקבים / מיוחדים,https://mekomot-eruim.co.il/businesses/Peer-Winery-Tal-Shahar
יקב פסגות - שער בנימין,יקב,שער בנימין,,,,אולמות / יקבים / כנסים / כנסים קטנים / קטנים / בריתות,https://mekomot-eruim.co.il/businesses/psagot-wine-events
יקב צובה - קיבוץ צובה (הרי ירושלים),יקב,צובה,ירושלים והסביבה,,,יקבים / כנסים / כיתות לימוד / הרצאות / כנסים קטנים / מיוחדים / קטנים / עסקיים / בריתות,https://mekomot-eruim.co.il/businesses/tzubahotel
יקב צרעה,יקב,צרעה,,,,יקבים,https://mekomot-eruim.co.il/businesses/tzora
יקב קדמא - כפר אוריה (בקרבת שער הגיא),יקב,כפר אוריה,,40-150,,גני אירועים / יקבים / מיוחדים / קטנים / עסקיים,https://mekomot-eruim.co.il/businesses/kadma-wine
יקב קטרון - מצפה הושעיה (עמק יזרעאל),יקב,הושעיה,צפון,,,יקבים / מיוחדים,https://mekomot-eruim.co.il/businesses/kitronwinery
יקב שורר - תלמי יחיאל (בדרום),יקב,תלמי יחיאל,דרום,,,יקבים,https://mekomot-eruim.co.il/businesses/shorerwinery
יקב תשבי - זכרון יעקב,יקב,זכרון יעקב,צפון,עד 120,,יקבים / מסעדות / עסקיים / בריתות,https://mekomot-eruim.co.il/businesses/tishbi
יקבי בנימינה - מרכז מבקרים - בנימינה,יקב,בנימינה,צפון,,,יקבים / מיוחדים,https://mekomot-eruim.co.il/businesses/binyamina-wines
יקבי ירושלים משכנות שאננים - ירושלים,יקב,ירושלים,ירושלים והסביבה,עד 55,,יקבים / מיוחדים / עסקיים,https://mekomot-eruim.co.il/businesses/windmillcomplex-events
כרם נוף עמק איילון,יקב,עמק איילון,,,,יקבים / מיוחדים,https://mekomot-eruim.co.il/businesses/ayalon-valley
כרם תמר - גוש עציון,יקב,גוש עציון,ירושלים והסביבה,עד 500,,יקבים / מיוחדים,https://mekomot-eruim.co.il/businesses/win-amitti
FLOOR 5 - ראשון לציון,כיתות לימוד,ראשון לציון,מרכז,,,כיתות לימוד,https://mekomot-eruim.co.il/businesses/floor-5-Rishon-Lezion
WeClass - חיפה,כיתות לימוד,חיפה,צפון,,,כיתות לימוד / כנסים קטנים,https://mekomot-eruim.co.il/businesses/weclass-haifa
"האקדמיה לפיננסים BDO כיתות לימוד - כנסים - ת""א",כיתות לימוד,תל אביב,מרכז,,,כנסים / כיתות לימוד / הרצאות / עסקיים,https://mekomot-eruim.co.il/businesses/bdo-academy
האקריו - השכרת כיתות לימוד - רמת גן / חיפה,כיתות לימוד,רמת גן / חיפה,,,,כיתות לימוד,https://mekomot-eruim.co.il/businesses/hackeru
היכל שלמה אולם כנסים וכיתות לימוד - ירושלים,כיתות לימוד,ירושלים,ירושלים והסביבה,,,כנסים,https://mekomot-eruim.co.il/businesses/shlomo
הכיתות בשרונה - מתחם שרונה תל אביב,כיתות לימוד,תל אביב,מרכז,עד 60,,כיתות לימוד,https://mekomot-eruim.co.il/businesses/sharonaclassrooms
השחם כיתת לימוד וכנסים - פתח תקווה,כיתות לימוד,פתח תקווה,מרכז,,,כנסים / כיתות לימוד / הרצאות / עסקיים,https://mekomot-eruim.co.il/businesses/hashaham8
כיתות לימוד OS Class - תל אביב / חיפה,כיתות לימוד,תל אביב / חיפה,,,,כיתות לימוד / כנסים קטנים,https://mekomot-eruim.co.il/businesses/os-class
כיתות לימוד להשכרה 6B - תל אביב / חיפה,כיתות לימוד,תל אביב / חיפה,,,,כיתות לימוד / כנסים קטנים,https://mekomot-eruim.co.il/businesses/6b-studio
כיתות לימוד להשכרה fa29 - ראשון לציון,כיתות לימוד,ראשון לציון,מרכז,,,כיתות לימוד,https://mekomot-eruim.co.il/businesses/fa29-fashion-academy
כיתת לימוד להשכרה גבעת שאול - ירושלים,כיתות לימוד,ירושלים,ירושלים והסביבה,25-30,,כיתות לימוד / כנסים קטנים,https://mekomot-eruim.co.il/businesses/jerusalem-class
מכללת IITC - רמת גן,כיתות לימוד,רמת גן,מרכז,,,כיתות לימוד,https://mekomot-eruim.co.il/businesses/iitc
מכללת עידן ההורות כיתות לימוד - חיפה,כיתות לימוד,חיפה,צפון,,,כיתות לימוד,https://mekomot-eruim.co.il/businesses/idan-hahoroot
מרכז שביט - רמת גן,כיתות לימוד,רמת גן,מרכז,עד 50,,כיתות לימוד,https://mekomot-eruim.co.il/businesses/shavit-center
סמארט כיתות לימוד להשכרה - תל אביב / רחובות,כיתות לימוד,תל אביב / רחובות,מרכז,,,כיתות לימוד,https://mekomot-eruim.co.il/businesses/smart-college
אינפיניטי ראשון לציון – לופט למסיבות ואירועים,לופט,ראשון לציון,מרכז,,,מועדונים / בריכה / מסיבות,https://mekomot-eruim.co.il/businesses/infinity
בלאק לופט אירועים נשר - חיפה,לופט,נשר,צפון,,,מסעדות / מועדונים / קריוקי / מועדוני בת מצווה / מסיבות / חינה,https://mekomot-eruim.co.il/businesses/black-loft
לופט אבן יהודה למסיבות ואירועים,לופט,אבן יהודה,שרון,עד 70,,וילות / מועדונים / קריוקי / בריכה / מסיבות,https://mekomot-eruim.co.il/businesses/evenyehuda-loft
לופט סיטי ראשון לציון – לופט לאירועים קטנים ומסיבות,לופט,ראשון לציון,מרכז,,,מועדונים / מסיבות,https://mekomot-eruim.co.il/businesses/loft-city
לופט פלורנטין – תל אביב,לופט,תל אביב,מרכז,,,כנסים קטנים / עסקיים,https://mekomot-eruim.co.il/businesses/gag-loft
קאי לופט - לופט למסיבות ואירועים קטנים בפתח תקווה,לופט,פתח תקווה,מרכז,עד 50,,מועדונים / מסיבות,https://mekomot-eruim.co.il/businesses/cay
בית מזיא לתיאטרון - ירושלים,מוזיאון / תיאטרון,ירושלים,ירושלים והסביבה,,,כנסים,https://mekomot-eruim.co.il/businesses/masie-theater-center
מוזיאון מגדל דוד - המוזיאון לתולדות ירושלים - ירושלים,מוזיאון / תיאטרון,ירושלים,ירושלים והסביבה,עד 200,,גני אירועים / מיוחדים / עסקיים,https://mekomot-eruim.co.il/businesses/tower-of-david
מוזיאון נחום גוטמן לאמנות - תל אביב,מוזיאון / תיאטרון,תל אביב,מרכז,,,כנסים / הרצאות / ימי הולדת / עסקיים,https://mekomot-eruim.co.il/businesses/gutmanmuseum
תיאטרון גבעתיים - גבעתיים,מוזיאון / תיאטרון,גבעתיים,מרכז,,,כנסים,https://mekomot-eruim.co.il/businesses/Givatayim-Theatre
תיאטרון יפו - יפו,מוזיאון / תיאטרון,יפו,מרכז,,,אולמות / כנסים / הרצאות / כנסים קטנים / מיוחדים / קטנים / עסקיים / בריתות,https://mekomot-eruim.co.il/businesses/1-Jaffa-Theater
D.Place די פלייס אירועים – פתח תקווה,מועדון / מקום למסיבות,פתח תקווה,מרכז,,,הרצאות / כנסים קטנים / מועדוני בת מצווה / ימי הולדת,https://mekomot-eruim.co.il/businesses/dplace-events
FOUR CLUB – פתח תקווה,מועדון / מקום למסיבות,פתח תקווה,מרכז,,,מועדונים / מועדוני בת מצווה / בריכה / מסיבות,https://mekomot-eruim.co.il/businesses/four
MESS CLUB - תלפיות ירושלים,מועדון / מקום למסיבות,ירושלים,ירושלים והסביבה,,,מועדונים / מועדוני בת מצווה / מסיבות,https://mekomot-eruim.co.il/businesses/mess
Voodoo bar וודו מקום למסיבות וכנסים - תל אביב,מועדון / מקום למסיבות,תל אביב,מרכז,,,הרצאות / כנסים קטנים / מועדונים / מסיבות,https://mekomot-eruim.co.il/businesses/vudu
אולד סקול קלאב - חיפה,מועדון / מקום למסיבות,חיפה,צפון,,,מועדונים / מועדוני בת מצווה / מסיבות,https://mekomot-eruim.co.il/businesses/oldschoolclub
אליס פלייס - פתח תקווה,מועדון / מקום למסיבות,פתח תקווה,מרכז,עד 80,,מועדוני בת מצווה / ימי הולדת,https://mekomot-eruim.co.il/businesses/alice-garden
בראסקו BRASCO - תל אביב,מועדון / מקום למסיבות,תל אביב,מרכז,30-250,,הרצאות / מועדונים / מסיבות / עסקיים,https://mekomot-eruim.co.il/businesses/brasco-events
גולד אירועים - אור עקיבא,מועדון / מקום למסיבות,אור עקיבא,שרון,,,מועדוני בת מצווה / קטנים,https://mekomot-eruim.co.il/businesses/gold-complex
גולדין אירועים - רחובות,מועדון / מקום למסיבות,רחובות,מרכז,עד 50,,מסיבות / קטנים,https://mekomot-eruim.co.il/businesses/loft-odel
גליס קלאב - פתח תקווה,מועדון / מקום למסיבות,פתח תקווה,מרכז,,,מועדונים / מועדוני בת מצווה / ימי הולדת / מסיבות / קטנים / עסקיים / חינה,https://mekomot-eruim.co.il/businesses/galis-club
דבלין הרצליה פיתוח,מועדון / מקום למסיבות,הרצליה פיתוח,שרון,עד 300,,הרצאות / מועדונים / מסיבות,https://mekomot-eruim.co.il/businesses/dablin
דיזי פרישדון - השכרת מקום למסיבות בדיזנגוף תל אביב,מועדון / מקום למסיבות,תל אביב,מרכז,עד 220,,הרצאות / מועדונים / מסיבות,https://mekomot-eruim.co.il/businesses/dizi
דימסיה - Legendary Moments - אשדוד,מועדון / מקום למסיבות,אשדוד,דרום,עד 150,כשרות מהדרין,מועדונים / מועדוני בת מצווה / מסיבות / קטנים / עסקיים,https://mekomot-eruim.co.il/businesses/demacia-3
הולי בר אירועים ומסיבות - תל אביב,מועדון / מקום למסיבות,תל אביב,מרכז,עד 150,,מועדונים / מסיבות,https://mekomot-eruim.co.il/businesses/holly
החצר כיכר אתרים - מתחם למסיבות ואירועים בתל אביב,מועדון / מקום למסיבות,תל אביב,מרכז,עד 150,,מועדונים / מסיבות,https://mekomot-eruim.co.il/businesses/kikaratarim
העברייה אירועים - יד חרוצים תל אביב,מועדון / מקום למסיבות,תל אביב,מרכז,,,מועדונים / מסיבות,https://mekomot-eruim.co.il/businesses/eivria
יער האקליפטוס מסיבות ואירועים - חדרה,מועדון / מקום למסיבות,חדרה,שרון,עד 250,,מסיבות,https://mekomot-eruim.co.il/businesses/yaar-hadera
לומה אירועים LUMA EVENTS - נתניה,מועדון / מקום למסיבות,נתניה,שרון,,,מועדוני בת מצווה,https://mekomot-eruim.co.il/businesses/luma-events
לופט מועדון גאלקסי קריית אתא,מועדון / מקום למסיבות,קריית אתא,צפון,,,שף / מועדונים / מועדוני בת מצווה / מסיבות,https://mekomot-eruim.co.il/businesses/kiryatata-loft
מועדון גולדן בל - ירושלים,מועדון / מקום למסיבות,ירושלים,ירושלים והסביבה,,,מועדונים / מועדוני בת מצווה / מסיבות,https://mekomot-eruim.co.il/businesses/golden-bel
מועדון דה בוקס THE BOX - ירושלים,מועדון / מקום למסיבות,ירושלים,ירושלים והסביבה,עד 50,,אולמות / מועדונים / מועדוני בת מצווה / מסיבות / קטנים / עסקיים / חינה,https://mekomot-eruim.co.il/businesses/the-box-events
מועדון הוליווד - ראשון לציון,מועדון / מקום למסיבות,ראשון לציון,מרכז,עד 180,,מועדונים / קריוקי / מועדוני בת מצווה / ימי הולדת / מסיבות,https://mekomot-eruim.co.il/businesses/hollywood-club
מועדון הכוכב - ראשון לציון,מועדון / מקום למסיבות,ראשון לציון,מרכז,,,מועדוני בת מצווה / ימי הולדת,https://mekomot-eruim.co.il/businesses/starclub
מועדון הספריה - קריית חיים,מועדון / מקום למסיבות,קריית חיים,צפון,,,מועדוני בת מצווה,https://mekomot-eruim.co.il/businesses/hasifriya-krayot
מועדון זוז ZOOZ - רחובות,מועדון / מקום למסיבות,רחובות,מרכז,,,מועדוני בת מצווה,https://mekomot-eruim.co.il/businesses/zooz-club-rehovot
מועדון טיפ טופ Tip Top - מודיעין,מועדון / מקום למסיבות,מודיעין,מרכז,,,מועדוני בת מצווה / ימי הולדת,https://mekomot-eruim.co.il/businesses/tiptop-club
מועדון יו קלאב - קניון רננים רעננה,מועדון / מקום למסיבות,רעננה,שרון,עד 180,,מועדוני בת מצווה / ימי הולדת,https://mekomot-eruim.co.il/businesses/yu-club
מועדון לייס - ראשון לציון,מועדון / מקום למסיבות,ראשון לציון,מרכז,,,מועדוני בת מצווה / חינה,https://mekomot-eruim.co.il/businesses/leis
מועדון מיילו 39 Mylo - חולון,מועדון / מקום למסיבות,חולון,מרכז,עד 100,,מועדונים / מועדוני בת מצווה / מסיבות,https://mekomot-eruim.co.il/businesses/mylo39
מועדון מינוס אחד - תל אביב,מועדון / מקום למסיבות,תל אביב,מרכז,עד 400,,מסיבות,https://mekomot-eruim.co.il/businesses/minus-one
מועדון סטאר קלאב Star Club - פתח תקווה,מועדון / מקום למסיבות,פתח תקווה,מרכז,עד 350,,עסקיים,https://mekomot-eruim.co.il/businesses/star-club-pt-1
מועדון פאזל - ראשון לציון,מועדון / מקום למסיבות,ראשון לציון,מרכז,,,מועדונים / מועדוני בת מצווה / ימי הולדת / מסיבות / עסקיים,https://mekomot-eruim.co.il/businesses/puzzle-events
מועדון פלייגראונד - חיפה,מועדון / מקום למסיבות,חיפה,צפון,,,מועדוני בת מצווה,https://mekomot-eruim.co.il/businesses/play-g
מועדון פקטורי - חיפה,מועדון / מקום למסיבות,חיפה,צפון,עד 150,,אולמות / כנסים / מועדונים / מועדוני בת מצווה / מסיבות / קטנים,https://mekomot-eruim.co.il/businesses/Factory-3
מועדון רוקסן Roxen - רחובות,מועדון / מקום למסיבות,רחובות,מרכז,,,מועדוני בת מצווה,https://mekomot-eruim.co.il/businesses/roxen-club-1
מועדון ריו - ראשון לציון,מועדון / מקום למסיבות,ראשון לציון,מרכז,עד 180,,מועדונים / ימי הולדת / מסיבות / חינה,https://mekomot-eruim.co.il/businesses/rio-events
סיאלו אירועים - חיפה,מועדון / מקום למסיבות,חיפה,צפון,,,מועדונים / קריוקי / מסיבות,https://mekomot-eruim.co.il/businesses/sialo
סנטוריני אירועים - בת ים,מועדון / מקום למסיבות,בת ים,מרכז,,,מועדונים / מסיבות / חינה,https://mekomot-eruim.co.il/businesses/santorini-loft
פיץ' מתחם אירועים - ראשון לציון,מועדון / מקום למסיבות,ראשון לציון,מרכז,עד 150,,מועדוני בת מצווה,https://mekomot-eruim.co.il/businesses/Peach-events
צצה אירועים - הרצליה,מועדון / מקום למסיבות,הרצליה,שרון,,,מועדוני בת מצווה / קטנים,https://mekomot-eruim.co.il/businesses/zeze-events
קדמה אלונה אירועים - ליד זיכרון יעקב פרדס חנה,מועדון / מקום למסיבות,ליד זיכרון יעקב / פרדס חנה,,עד 250,,כנסים קטנים / מועדוני בת מצווה / ריטריטים / אירועי חברות וסדנאות / קטנים / עסקיים,https://mekomot-eruim.co.il/businesses/kedma-alona
קויה אמסטרדם אירועים- הרצליה פיתוח,מועדון / מקום למסיבות,הרצליה פיתוח,שרון,,,מועדוני בת מצווה / ימי הולדת,https://mekomot-eruim.co.il/businesses/koya
קמיליון Chameleon - רעננה,מועדון / מקום למסיבות,רעננה,שרון,,,מועדונים / מועדוני בת מצווה / מסיבות / עסקיים,https://mekomot-eruim.co.il/businesses/Chameleon-raanana
ICON – מלון בוטיק במרכז ראשון לציון,מלון,ראשון לציון,מרכז,,,שבת חתן,https://mekomot-eruim.co.il/businesses/ICON
אלמא מלון ומרכז אמנויות - זכרון יעקב,מלון,זכרון יעקב,צפון,,,אולמות / גני אירועים / כנסים / כיתות לימוד / הרצאות / מיוחדים / על הים / קטנים / עסקיים / בריתות,https://mekomot-eruim.co.il/businesses/elmahotel
מלון 48 - באר שבע,מלון,באר שבע,דרום,,,שבת חתן,https://mekomot-eruim.co.il/businesses/hotel48
מלון H34 - נהריה,מלון,נהריה,צפון,,,גגות / שבת חתן / מיוחדים / על הים / קטנים,https://mekomot-eruim.co.il/businesses/h34
מלון איביס - ירושלים,מלון,ירושלים,ירושלים והסביבה,,,כיתות לימוד / כנסים קטנים,https://mekomot-eruim.co.il/businesses/ibisjerusalem-hotels
מלון איילנד - נתניה,מלון,נתניה,שרון,,,שבת חתן,https://mekomot-eruim.co.il/businesses/island-suites
מלון אירוס המדבר אירוח שבת חתן - ירוחם,מלון,ירוחם,דרום,,,שבת חתן,https://mekomot-eruim.co.il/businesses/irus-hamidbar
מלון אלדן - ירושלים,מלון,ירושלים,ירושלים והסביבה,עד 80,,אולמות / שבת חתן / כנסים / הרצאות / כנסים קטנים / קטנים / בריתות / חינה,https://mekomot-eruim.co.il/businesses/eldan-hotel-jerusalem
מלון ארנה - בת ים,מלון,בת ים,מרכז,,,שבת חתן,https://mekomot-eruim.co.il/businesses/arena-hotel
מלון ארץ צאלים - צאלים,מלון,צאלים,דרום,,,שבת חתן,https://mekomot-eruim.co.il/businesses/eretztzalim-hotel
מלון אשל השומרון - אריאל,מלון,אריאל,,,,כנסים / הרצאות / עסקיים / בריתות,https://mekomot-eruim.co.il/businesses/eshel-hashomron
מלון בוטיק - נתניה,מלון,נתניה,שרון,עד 50,,שבת חתן,https://mekomot-eruim.co.il/businesses/boutiquehotel
מלון בוטיק אצולת אירופה - צפת,מלון,צפת,צפון,,,שבת חתן,https://mekomot-eruim.co.il/businesses/atzulat
מלון בוטיק הליוס - באר שבע,מלון,באר שבע,דרום,,,שבת חתן,https://mekomot-eruim.co.il/businesses/helios-hotel
מלון ברגר - טבריה,מלון,טבריה,צפון,,,שבת חתן,https://mekomot-eruim.co.il/businesses/berger
מלון גולן - טבריה,מלון,טבריה,צפון,,,שבת חתן,https://mekomot-eruim.co.il/businesses/golan-hotel
מלון גני ירושלים - ירושלים,מלון,ירושלים,ירושלים והסביבה,,,אולמות / שבת חתן / כנסים / קטנים / בריתות,https://mekomot-eruim.co.il/businesses/jerusalem-gardens
מלון ג׳רוזלם גולד ירושלים,מלון,ירושלים,ירושלים והסביבה,,,שבת חתן,https://mekomot-eruim.co.il/businesses/gold-h
מלון דיסיטי Dhotel - מעלה אדומים,מלון,מעלה אדומים,ירושלים והסביבה,,,שבת חתן,https://mekomot-eruim.co.il/businesses/dhotel
מלון המושבה - כפר תבור,מלון,כפר תבור,צפון,,,שבת חתן,https://mekomot-eruim.co.il/businesses/tavor
מלון המלך שאול - אשקלון,מלון,אשקלון,דרום,,,שבת חתן,https://mekomot-eruim.co.il/businesses/king-shaul-hotel
מלון העונות - נתניה,מלון,נתניה,שרון,,,שבת חתן,https://mekomot-eruim.co.il/businesses/haonot
מלון התיאטרון - ירושלים,מלון,ירושלים,ירושלים והסביבה,,,בית כנסת / שבת חתן / כנסים / הרצאות,https://mekomot-eruim.co.il/businesses/theatronhotel
מלון וורט VERT - ירושלים,מלון,ירושלים,ירושלים והסביבה,,,שבת חתן / כנסים / הרצאות / עסקיים,https://mekomot-eruim.co.il/businesses/vert-jerusalem-hotel
מלון וורט VERT לגון - נתניה,מלון,נתניה,שרון,,,שבת חתן / כנסים / הרצאות / על הים,https://mekomot-eruim.co.il/businesses/vert-lagoon-netanya-hotel
מלון ורדי טבריה – אירוח לשבת חתן,מלון,טבריה,צפון,,,שבת חתן,https://mekomot-eruim.co.il/businesses/verdi-hotel
מלון חוף התמרים - בעכו,מלון,עכו,צפון,,,שבת חתן,https://mekomot-eruim.co.il/businesses/tmarim
מלון חוף עכו,מלון,עכו,צפון,,,שבת חתן,https://mekomot-eruim.co.il/businesses/aco
מלון יפו 82 - ירושלים,מלון,ירושלים,ירושלים והסביבה,,,שבת חתן,https://mekomot-eruim.co.il/businesses/Jaffa-H
מלון כינורות - טבריה,מלון,טבריה,צפון,,,שבת חתן,https://mekomot-eruim.co.il/businesses/kinorothotel
מלון כפר המכביה - רמת גן,מלון,רמת גן,מרכז,,,שבת חתן / כנסים / כיתות לימוד / הרצאות / עסקיים,https://mekomot-eruim.co.il/businesses/kmc-hotel
מלון לאונרדו אירוח שבת חתן - רחובות,מלון,רחובות,מרכז,,,שבת חתן,https://mekomot-eruim.co.il/businesses/leonardo
מלון לב ירושלים - ירושלים,מלון,ירושלים,ירושלים והסביבה,,,שבת חתן,https://mekomot-eruim.co.il/businesses/lev-jerusalem-hotel-shabat-hatan
מלון לה קפלה חיפה – כנסים מקצועיים ואירוח שבת חתן,מלון,חיפה,צפון,,,שבת חתן / כנסים קטנים,https://mekomot-eruim.co.il/businesses/la-cappella
מלון לוגוס - יד השמונה,מלון,יד השמונה,ירושלים והסביבה,עד 200,,כנסים / כיתות לימוד / הרצאות / מיוחדים / קטנים / עסקיים / בריתות,https://mekomot-eruim.co.il/businesses/yad-hashmona-events
מלון לשבת חתן אירופה - טבריה,מלון,טבריה,צפון,,,שבת חתן,https://mekomot-eruim.co.il/businesses/europa
מלון מגדל - חיפה,מלון,חיפה,צפון,,,אולמות / שבת חתן / כנסים / בריתות / חינה,https://mekomot-eruim.co.il/businesses/tower-hotel-haifa
מלון מי עמי - אשדוד,מלון,אשדוד,דרום,,,שבת חתן,https://mekomot-eruim.co.il/businesses/miamihotel
מלון מיתרים - טבריה,מלון,טבריה,צפון,,,שבת חתן,https://mekomot-eruim.co.il/businesses/meitarim-hotel
מלון ממילא - שבת חתן בירושלים,מלון,ירושלים,ירושלים והסביבה,,,שבת חתן,https://mekomot-eruim.co.il/businesses/mamillahotel
מלון מצודת דוד - ירושלים,מלון,ירושלים,ירושלים והסביבה,,,שבת חתן,https://mekomot-eruim.co.il/businesses/david-citadel
מלון מצפה ים - נתניה,מלון,נתניה,שרון,עד 150,,אולמות / שבת חתן / כנסים / כיתות לימוד / על הים / קטנים / עסקיים / בריתות / חינה,https://mekomot-eruim.co.il/businesses/mizpe-yam-events-hotel
מלון מרגוע - נתניה,מלון,נתניה,שרון,,,שבת חתן / בריתות,https://mekomot-eruim.co.il/businesses/margoa
מלון נבל דוד - נתניה,מלון,נתניה,שרון,,,שבת חתן / על הים / עסקיים,https://mekomot-eruim.co.il/businesses/harp
מלון נוף - חיפה,מלון,חיפה,צפון,,,אולמות / שבת חתן / כנסים / כנסים קטנים / קטנים / עסקיים / בריתות,https://mekomot-eruim.co.il/businesses/nof
מלון נוף כנרת - טבריה עילית,מלון,טבריה עילית,צפון,,,שבת חתן,https://mekomot-eruim.co.il/businesses/nof-kinneret
מלון ניר עציון - מושב ניר עציון (חיפה),מלון,ניר עציון,צפון,,,שבת חתן / כנסים / כיתות לימוד / הרצאות,https://mekomot-eruim.co.il/businesses/nir-ezion
מלון נס עמים - גליל מערבי,מלון,גליל מערבי,צפון,,,שבת חתן / כנסים,https://mekomot-eruim.co.il/businesses/nesammim-hotel
מלון סול - טבריה,מלון,טבריה,צפון,,,שבת חתן,https://mekomot-eruim.co.il/businesses/sol
מלון סטיי STAY - ירושלים,מלון,ירושלים,ירושלים והסביבה,,,שבת חתן,https://mekomot-eruim.co.il/businesses/kook-stay
מלון סטיי אין Stay Inn - ירושלים,מלון,ירושלים,ירושלים והסביבה,,,שבת חתן,https://mekomot-eruim.co.il/businesses/stay-inn
מלון סטיי ג'אפה Stay Jaffa - ירושלים,מלון,ירושלים,ירושלים והסביבה,,,שבת חתן,https://mekomot-eruim.co.il/businesses/stay-jaffa-hotel
מלון סי הוטל נווה אילן - אזור ירושלים,מלון,נווה אילן,ירושלים והסביבה,,,כנסים / הרצאות / עסקיים,https://mekomot-eruim.co.il/businesses/c-hotel-neve-ilan
מלון עדן אין - זכרון יעקב,מלון,זכרון יעקב,צפון,,,אולמות / גני אירועים / שבת חתן / כנסים / כיתות לימוד / הרצאות / כנסים קטנים / קטנים / עסקיים / בריתות,https://mekomot-eruim.co.il/businesses/edenin-hotel
מלון עין כרם - ירושלים,מלון,ירושלים,ירושלים והסביבה,,"כשרות בד""צ העדה החרדית",שבת חתן,https://mekomot-eruim.co.il/businesses/einkerem-h
מלון ענבל - ירושלים,מלון,ירושלים,ירושלים והסביבה,,,אולמות / שבת חתן / כנסים,https://mekomot-eruim.co.il/businesses/inbal
מלון עץ הזית - ירושלים,מלון,ירושלים,ירושלים והסביבה,,,שבת חתן / כנסים / כיתות לימוד / הרצאות,https://mekomot-eruim.co.il/businesses/olivetreehote
מלון פלאזה - נוף הגליל,מלון,נוף הגליל,צפון,,,אולמות / בית כנסת / שבת חתן / כנסים / בריתות,https://mekomot-eruim.co.il/businesses/nof-galil
מלון פעמונים - העיר העתיקה - ירושלים,מלון,ירושלים,ירושלים והסביבה,,,אולמות / שבת חתן / קטנים / עסקיים / בריתות,https://mekomot-eruim.co.il/businesses/paamonimhotel
מלון צפורי בכנרת - טבריה,מלון,טבריה,צפון,,,שבת חתן,https://mekomot-eruim.co.il/businesses/ziporyseaofgalilee
מלון קאסיה - ירושלים,מלון,ירושלים,ירושלים והסביבה,,,אולמות / שבת חתן,https://mekomot-eruim.co.il/businesses/cassiahotels
מלון קיבוץ לביא,מלון,קיבוץ לביא,צפון,,,אולמות / בית כנסת / שבת חתן / כנסים,https://mekomot-eruim.co.il/businesses/lavihotel
מלון קיסר - ירושלים,מלון,ירושלים,ירושלים והסביבה,,,שבת חתן,https://mekomot-eruim.co.il/businesses/caesar
מלון קפידור - חיפה על הים,מלון,חיפה,צפון,,,שבת חתן,https://mekomot-eruim.co.il/businesses/kapidor
מלון קראון פלאזה - חיפה,מלון,חיפה,צפון,,,שבת חתן,https://mekomot-eruim.co.il/businesses/plaza-haifa
מלון קרלטון - נהריה,מלון,נהריה,צפון,,,אולמות / שבת חתן / כנסים,https://mekomot-eruim.co.il/businesses/carlton
מלון רויאל פלאזה - אירוח שבת חתן בטבריה,מלון,טבריה,צפון,,,שבת חתן,https://mekomot-eruim.co.il/businesses/royalplaza
מלון רוקסן - רמת גן,מלון,רמת גן,מרכז,,,גגות / שבת חתן / כנסים / עסקיים / בריתות,https://mekomot-eruim.co.il/businesses/roxonhotels-ramat-gan
מלון רזידנס - נתניה,מלון,נתניה,שרון,,,שבת חתן,https://mekomot-eruim.co.il/businesses/residenceh-netanya
מלון רזידנס 26 - תל אביב,מלון,תל אביב,מרכז,,,שבת חתן,https://mekomot-eruim.co.il/businesses/residence26-hotel-tlv
מלון ריזורט - חדרה,מלון,חדרה,שרון,,,שבת חתן / כנסים / כיתות לימוד / הרצאות / עסקיים,https://mekomot-eruim.co.il/businesses/resort-hadera-hotel
מלון רמדה - ירושלים,מלון,ירושלים,ירושלים והסביבה,,,אולמות / שבת חתן / כנסים / כיתות לימוד / הרצאות / קטנים,https://mekomot-eruim.co.il/businesses/ramadajerusalem-hotel
מלון שלום - ירושלים,מלון,ירושלים,ירושלים והסביבה,עד 700,,שבת חתן / כנסים / הרצאות / עסקיים,https://mekomot-eruim.co.il/businesses/shalomhotel
מלון שערי ירושלים אירועים- שבת חתן בירושלים,מלון,ירושלים,ירושלים והסביבה,,,אולמות / שבת חתן / כנסים / הרצאות / בריתות,https://mekomot-eruim.co.il/businesses/jerusalemgate
מלון שפיים - אזור השרון,מלון,שפיים,שרון,,,שבת חתן / כנסים / כיתות לימוד / הרצאות / כנסים קטנים / על הים / עסקיים,https://mekomot-eruim.co.il/businesses/shefhotel
מלון תמרה - אשקלון,מלון,אשקלון,דרום,,,אולמות / שבת חתן / על הים / עסקיים,https://mekomot-eruim.co.il/businesses/tamarahotel
מלונית לשבת חתן היכל התכלת - צפת,מלון,צפת,צפון,עד 102,,שבת חתן,https://mekomot-eruim.co.il/businesses/blue-hall-zefat
JEMS - גמס מודיעין,מסעדה / חדר פרטי,מודיעין,מרכז,עד 180,,מסיבות / קטנים / עסקיים,https://mekomot-eruim.co.il/businesses/jems-modiin
JEMS - גמס רחובות,מסעדה / חדר פרטי,רחובות,מרכז,עד 120,,עסקיים,https://mekomot-eruim.co.il/businesses/jems-rehovot
Junam ג'ונם אירועים - פתח תקווה,מסעדה / חדר פרטי,פתח תקווה,מרכז,,,מסעדות / עסקיים / בריתות / חינה,https://mekomot-eruim.co.il/businesses/junam
THE VIEW - נתניה,מסעדה / חדר פרטי,נתניה,שרון,12-80,כשר,שף / על הים / קטנים / עסקיים / בריתות,https://mekomot-eruim.co.il/businesses/the-view
אינס מסעדה לאירועים - פתח תקווה,מסעדה / חדר פרטי,פתח תקווה,מרכז,עד 100,"כשר למהדרין בד""ץ בית יוסף",מסעדות / שף / קטנים / עסקיים / בריתות,https://mekomot-eruim.co.il/businesses/ines
אנטריקוטי - פתח תקווה,מסעדה / חדר פרטי,פתח תקווה,מרכז,עד 130,,מסעדות / קטנים / עסקיים / בריתות,https://mekomot-eruim.co.il/businesses/antrikoti
ארטורוס אירועי בוטיק - יבנה,מסעדה / חדר פרטי,יבנה,מרכז,עד 60,,מסעדות / קטנים / עסקיים / בריתות,https://mekomot-eruim.co.il/businesses/arturos
באבא יאגה - תל אביב,מסעדה / חדר פרטי,תל אביב,מרכז,עד 120,,מסעדות / קטנים / בריתות,https://mekomot-eruim.co.il/businesses/baba-yaga
באקארו BUCKAROO - רעננה,מסעדה / חדר פרטי,רעננה,שרון,עד 60,,מסעדות / שף / כנסים קטנים / קטנים,https://mekomot-eruim.co.il/businesses/buckaroo
בוטיק היין אירועים של יקב ירושלים - בפתח תקווה,מסעדה / חדר פרטי,פתח תקווה,מרכז,,,מסעדות / שף / אירועי חברות וסדנאות,https://mekomot-eruim.co.il/businesses/wineries
בוסתן של חויה - מושב אלישמע ליד כפר סבא הוד השרון,מסעדה / חדר פרטי,אלישמע,שרון,עד 40,,שף / אירועי חברות וסדנאות,https://mekomot-eruim.co.il/businesses/elishama
בילו גריל אירועים מול הגינה - רחובות,מסעדה / חדר פרטי,רחובות,מרכז,עד 130,,עסקיים,https://mekomot-eruim.co.il/businesses/bilu-event
בין הקשתות מסעדה ואירועים בכותל - ירושלים,מסעדה / חדר פרטי,ירושלים,ירושלים והסביבה,,,מסעדות / קטנים,https://mekomot-eruim.co.il/businesses/betweenarches
ביסטרו דה כרמל - זכרון יעקב,מסעדה / חדר פרטי,זכרון יעקב,צפון,,,אולמות / יקבים / מיוחדים / קטנים / עסקיים / בריתות,https://mekomot-eruim.co.il/businesses/bistro-de-carmel
בית הסטייק - נשר,מסעדה / חדר פרטי,נשר,צפון,עד 140,,גני אירועים / מסעדות / קטנים,https://mekomot-eruim.co.il/businesses/Steak-house
בית עלמא - שדרות רוטשילד תל אביב,מסעדה / חדר פרטי,תל אביב,מרכז,,,מסעדות / שף / כנסים / הרצאות / כנסים קטנים / עסקיים,https://mekomot-eruim.co.il/businesses/bait-alma
בליקר אירועים - אשדוד,מסעדה / חדר פרטי,אשדוד,דרום,30-100,,מסעדות / קטנים / עסקיים / בריתות / חינה,https://mekomot-eruim.co.il/businesses/bleekerashdod
ברוניתא - זכרון יעקב,מסעדה / חדר פרטי,זכרון יעקב,צפון,עד 120,,מסעדות / מיוחדים / קטנים / עסקיים,https://mekomot-eruim.co.il/businesses/baronita
ג'וחא אירועים - הר גילה ירושלים,מסעדה / חדר פרטי,הר גילה / ירושלים,ירושלים והסביבה,עד 90,,מסעדות / כנסים / מיוחדים / אירועי חברות וסדנאות / קטנים / עסקיים / בריתות / חינה,https://mekomot-eruim.co.il/businesses/juha
ג'ויה דה איטליה כשר ב.ס.ר בפתח תקווה,מסעדה / חדר פרטי,פתח תקווה,מרכז,,,מסעדות / קטנים / בריתות,https://mekomot-eruim.co.il/businesses/joya
ג'ויה הכשרה רעות אירועים - מודיעין,מסעדה / חדר פרטי,מודיעין,מרכז,,כשרות חלבית מהדרין,מסעדות / קטנים / בריתות,https://mekomot-eruim.co.il/businesses/joya-reut
ג'ויה מסעדה עם חדר פרטי לאירועים - רמת החייל תל אביב,מסעדה / חדר פרטי,תל אביב,מרכז,עד 150,,מסעדות / קטנים,https://mekomot-eruim.co.il/businesses/joya-tlv
ג'ויה רעננה,מסעדה / חדר פרטי,רעננה,שרון,,,מסעדות / קטנים,https://mekomot-eruim.co.il/businesses/j
ג'מס - באר שבע,מסעדה / חדר פרטי,באר שבע,דרום,עד 130,,עסקיים,https://mekomot-eruim.co.il/businesses/jems-beer-sheva
ג'מס JEMS חדר פרטי לאירועים - כפר סבא,מסעדה / חדר פרטי,כפר סבא,שרון,עד 130,,מסעדות / קטנים / עסקיים / בריתות,https://mekomot-eruim.co.il/businesses/jems-kfarsaba
ג'מס אירועים JEMS - פתח תקווה,מסעדה / חדר פרטי,פתח תקווה,מרכז,עד 300,,מסעדות / שף / כנסים / הרצאות / כנסים קטנים / מיוחדים / קטנים / עסקיים,https://mekomot-eruim.co.il/businesses/jems-pt
ג'מס קרית השרון - נתניה,מסעדה / חדר פרטי,נתניה,שרון,,,מסעדות / קטנים,https://mekomot-eruim.co.il/businesses/jems-netanya
גומא - רמת השרון,מסעדה / חדר פרטי,רמת השרון,שרון,עד 100,,מסעדות,https://mekomot-eruim.co.il/businesses/gome-events
גרג - מסעדה לאירועים באריאל,מסעדה / חדר פרטי,אריאל,,,כשר,מסעדות / קטנים,https://mekomot-eruim.co.il/businesses/greg-ariel
גרג ראש העין - חדר פרטי כשר לאירועים,מסעדה / חדר פרטי,ראש העין,מרכז,עד 45,,מסעדות / שף,https://mekomot-eruim.co.il/businesses/greg
גרוסרי Grocery - תל מונד (ליד נתניה),מסעדה / חדר פרטי,תל מונד,שרון,עד 75,"כשר, שומר שבת",מסעדות / קטנים / עסקיים,https://mekomot-eruim.co.il/businesses/Grocery
גריל בר - מבשרת ציון,מסעדה / חדר פרטי,מבשרת ציון,ירושלים והסביבה,עד 100,,מסעדות / קטנים,https://mekomot-eruim.co.il/businesses/gril-bar
גרקו הכשרה מסעדה יוונית לאירועים - גרינברג צפון תל אביב,מסעדה / חדר פרטי,תל אביב,מרכז,,,עסקיים,https://mekomot-eruim.co.il/businesses/greco-tlv
האווזים אירועים מול האגם - ראשון לציון,מסעדה / חדר פרטי,ראשון לציון,מרכז,,,מסעדות / קטנים / בריתות,https://mekomot-eruim.co.il/businesses/haavazim
הבאלי חדר אירועים פרטי לאירוע - יפו,מסעדה / חדר פרטי,יפו,מרכז,,,מסעדות / הרצאות / ריטריטים,https://mekomot-eruim.co.il/businesses/bali
הבוקרים אירועים - תל אביב,מסעדה / חדר פרטי,תל אביב,מרכז,עד 100,,מסעדות / קטנים / עסקיים,https://mekomot-eruim.co.il/businesses/habokrimsteakhouse-tlv
החדר האחורי - ראש העין,מסעדה / חדר פרטי,ראש העין,מרכז,עד 35,,שף,https://mekomot-eruim.co.il/businesses/back-room-events
הטמפל חלל לאירועים קטנים - יפו,מסעדה / חדר פרטי,יפו,מרכז,עד 80,,מסעדות / שף / מיוחדים / קטנים,https://mekomot-eruim.co.il/businesses/temple
היקב - נתניה,מסעדה / חדר פרטי,נתניה,שרון,עד 150,,מסעדות / על הים / קטנים / בריתות,https://mekomot-eruim.co.il/businesses/hayekev-netanya
המושבה אירועים בית עובד,מסעדה / חדר פרטי,בית עובד,מרכז,30-150,,מסעדות / קריוקי / בריכה / מסיבות / מיוחדים / קטנים / חינה,https://mekomot-eruim.co.il/businesses/hamoshva
המזקקה חדר פרטי לאירועים וכנסים - מחנה יהודה אגריפס ירושלים,מסעדה / חדר פרטי,ירושלים,ירושלים והסביבה,,,מסעדות / שף / הרצאות / כנסים קטנים / קטנים / עסקיים,https://mekomot-eruim.co.il/businesses/thinkers
המשתלה - חדר אירוח פרטי לאירועים / מסיבות - ראשון לציון,מסעדה / חדר פרטי,ראשון לציון,מרכז,,,מסעדות / שף / מועדונים / מסיבות / קטנים,https://mekomot-eruim.co.il/businesses/hamachtela
הפי פיש - ממילא,מסעדה / חדר פרטי,ירושלים (ממילא),ירושלים והסביבה,,,מסעדות / קטנים,https://mekomot-eruim.co.il/businesses/happy-fish
הקאסה – בית לאירועים בלב יפו,מסעדה / חדר פרטי,יפו,מרכז,20-200,,מסעדות / שף / מועדונים / מסיבות / מיוחדים / קטנים / עסקיים,https://mekomot-eruim.co.il/businesses/kasa
השיפוד והמנגל אירועים - פתח תקווה,מסעדה / חדר פרטי,פתח תקווה,מרכז,40-80,,מסעדות / קטנים / בריתות / חינה,https://mekomot-eruim.co.il/businesses/shpud
חדר פרטי באר שבע לאירועים ומסיבות,מסעדה / חדר פרטי,באר שבע,דרום,עד 150,,מסעדות / מועדונים / קריוקי / מועדוני בת מצווה / מסיבות / קטנים / בריתות,https://mekomot-eruim.co.il/businesses/privet-loft
חדר פרטי חיפה לאירועים,מסעדה / חדר פרטי,חיפה,צפון,25-60,,מסעדות,https://mekomot-eruim.co.il/businesses/privet-h
חדר פרטי ירושלים לאירועים,מסעדה / חדר פרטי,ירושלים,ירושלים והסביבה,עד 100,,מסעדות / קריוקי,https://mekomot-eruim.co.il/businesses/privet-j
חדר פרטי לאירועים המייסדים 16 - זכרון יעקב,מסעדה / חדר פרטי,זכרון יעקב,צפון,עד 35,כשרה,מסעדות / קטנים,https://mekomot-eruim.co.il/businesses/hameyasdim16
חדרים לאירועים פרטיים בפתח תקווה,מסעדה / חדר פרטי,פתח תקווה,מרכז,,,מסעדות / קטנים,https://mekomot-eruim.co.il/businesses/privet-p
טאטי חדר פרטי במסעדה- יהוד,מסעדה / חדר פרטי,יהוד,מרכז,,,מסעדות,https://mekomot-eruim.co.il/businesses/tatti-yahud
טנדוקה - כשר - יקנעם,מסעדה / חדר פרטי,יקנעם,צפון,,כשר,מסעדות / בריתות,https://mekomot-eruim.co.il/businesses/tanduka-yoqneam
יונה גארדן – חדר פרטי לאירועים בלב תל אביב,מסעדה / חדר פרטי,תל אביב,מרכז,עד 70,,מסעדות / שף / כנסים קטנים / עסקיים,https://mekomot-eruim.co.il/businesses/yonagarden
כפר הים בני הדייג אירועים - חדרה,מסעדה / חדר פרטי,חדרה,שרון,עד 250,,מסעדות / מיוחדים / על הים / קטנים / עסקיים,https://mekomot-eruim.co.il/businesses/bennyhadayag-hadera
לה מאנו אירועים - רעננה,מסעדה / חדר פרטי,רעננה,שרון,,,מסעדות / מועדונים / קריוקי / מועדוני בת מצווה / ימי הולדת / מסיבות,https://mekomot-eruim.co.il/businesses/la-mano-events
לחם בית - אור יהודה,מסעדה / חדר פרטי,אור יהודה,מרכז,עד 100,,מסעדות / קטנים / בריתות,https://mekomot-eruim.co.il/businesses/lechem-bait
לחם בשר - הרצליה,מסעדה / חדר פרטי,הרצליה,שרון,עד 80,,מסעדות,https://mekomot-eruim.co.il/businesses/lechem-basar-herzeliya
ליבירה מסעדה עם חגדר פרטי לאירועים - חיפה,מסעדה / חדר פרטי,חיפה,צפון,עד 150,,מסעדות / קטנים / עסקיים,https://mekomot-eruim.co.il/businesses/libira
מומנטו ממילא Momento Mamilla - ירושלים,מסעדה / חדר פרטי,ירושלים,ירושלים והסביבה,עד 80,,מסעדות / קטנים / בריתות,https://mekomot-eruim.co.il/businesses/momento-events
מטבל אירועים - גבעת שמואל,מסעדה / חדר פרטי,גבעת שמואל,מרכז,עד 120,כשרות הרב מחפוד,מסעדות / שף / קטנים / עסקיים / בריתות,https://mekomot-eruim.co.il/businesses/meatbal
מיה וואלאס אירועים - פתח תקווה,מסעדה / חדר פרטי,פתח תקווה,מרכז,עד 120,,מסעדות / מועדונים / קטנים / עסקיים / בריתות,https://mekomot-eruim.co.il/businesses/miawallace
מיכליס בולונז'רי חדר פרטי לאירועים - מודיעין,מסעדה / חדר פרטי,מודיעין,מרכז,,,מסעדות / קטנים,https://mekomot-eruim.co.il/businesses/michlis
מסעדה / חדר פרטי לאירועים הלבנונית ביירות - ראשון לציון,מסעדה / חדר פרטי,ראשון לציון,מרכז,,,אולמות / מסעדות,https://mekomot-eruim.co.il/businesses/beirut
מסעדת בני הדייג - ראשון לציון,מסעדה / חדר פרטי,ראשון לציון,מרכז,עד 150,,מסעדות / על הים / קטנים / עסקיים,https://mekomot-eruim.co.il/businesses/bennyhadayag-rishon
מסעדת לחם בשר חדר פרטי לאירועים וכנסים - פתח תקווה,מסעדה / חדר פרטי,פתח תקווה,מרכז,,כשרות הרב מחפוד,מסעדות / קטנים,https://mekomot-eruim.co.il/businesses/lechem-basar
מסעדת קאזה ברונה - זכרון יעקב,מסעדה / חדר פרטי,זכרון יעקב,צפון,80-110,,מסעדות / כנסים קטנים / קטנים / עסקיים / בריתות,https://mekomot-eruim.co.il/businesses/casa-barone
מסעדת רג'ינה - תל אביב,מסעדה / חדר פרטי,תל אביב,מרכז,עד 150,,מסעדות,https://mekomot-eruim.co.il/businesses/reginarest
מעדנא מתחם שף פרטי לאירועים - רעננה,מסעדה / חדר פרטי,רעננה,שרון,עד 120,,מסעדות / שף / מועדונים / מועדוני בת מצווה / קטנים / עסקיים / בריתות,https://mekomot-eruim.co.il/businesses/maadana
מקום בלב - רעננה,מסעדה / חדר פרטי,רעננה,שרון,עד 170,,מסעדות,https://mekomot-eruim.co.il/businesses/makom-balev-raanana-2
מרפיס - רעננה,מסעדה / חדר פרטי,רעננה,שרון,עד 130,,עסקיים,https://mekomot-eruim.co.il/businesses/murphys-raanana
מרפיס פולג - נתניה,מסעדה / חדר פרטי,נתניה,שרון,עד 180,,מסעדות / מועדונים / מסיבות / קטנים / בריתות / חינה,https://mekomot-eruim.co.il/businesses/murphys-poleg-netanya
נגיסה מסעדה עם חדר פרטי לאירועים - ראש העין,מסעדה / חדר פרטי,ראש העין,מרכז,עד 70,,בריתות,https://mekomot-eruim.co.il/businesses/nagisa-rosh-haayin
סטקיית הבוקרים אירועים - חיפה / קריית ביאליק,מסעדה / חדר פרטי,חיפה / קריית ביאליק,צפון,,,מסעדות / קטנים / עסקיים,https://mekomot-eruim.co.il/businesses/habokrimsteakhouse
סינמה פרדיסו - חיפה,מסעדה / חדר פרטי,חיפה,צפון,עד 250,,מסעדות / על הים / קטנים / עסקיים,https://mekomot-eruim.co.il/businesses/cinemaparadiso
סלון יווני לאירועים - ראשון לציון,מסעדה / חדר פרטי,ראשון לציון,מרכז,עד 200,,מסעדות,https://mekomot-eruim.co.il/businesses/yevani
פאפוס חדר פרטי לאירועים / מסיבות בריכה - רחובות,מסעדה / חדר פרטי,רחובות,מרכז,עד 70,,מסעדות / מועדונים / קריוקי / מועדוני בת מצווה / ימי הולדת / בריכה / מסיבות / קטנים / עסקיים / בריתות,https://mekomot-eruim.co.il/businesses/paposs
פיטמאסטר - מופע בשרים בלתי נשכח - ירושלים,מסעדה / חדר פרטי,ירושלים,ירושלים והסביבה,40-145,,מסעדות / קטנים,https://mekomot-eruim.co.il/businesses/pitmaster.show
פסקארה אירועים - פתח תקווה,מסעדה / חדר פרטי,פתח תקווה,מרכז,עד 120,,מסעדות / קטנים / בריתות,https://mekomot-eruim.co.il/businesses/pascara
צבעים אירועי בוטיק - מתחם אושילנד כפר סבא,מסעדה / חדר פרטי,כפר סבא,שרון,עד 100,,מסעדות / שף / קטנים / עסקיים / בריתות,https://mekomot-eruim.co.il/businesses/Colors
קדמה אירועים- כיכר המוזיקה ירושלים,מסעדה / חדר פרטי,ירושלים,ירושלים והסביבה,,,מסעדות / קטנים / עסקיים,https://mekomot-eruim.co.il/businesses/kedma-mamila
קונמיגו | מסעדת שף לאירועים פרטיים במודיעין,מסעדה / חדר פרטי,מודיעין,מרכז,עד 100,כשר מהדרין,מסעדות / שף / קטנים,https://mekomot-eruim.co.il/businesses/conmigo
קיטשן אירועים רמות - ירושלים,מסעדה / חדר פרטי,ירושלים,ירושלים והסביבה,,כשרה למהדרין,מסעדות / קטנים,https://mekomot-eruim.co.il/businesses/kitchen-ramot
רביבה וסיליה הקומה השנייה - תל אביב,מסעדה / חדר פרטי,תל אביב,מרכז,60-120,,מסעדות / קטנים / עסקיים,https://mekomot-eruim.co.il/businesses/revivaandcelia-2nd
"איי גאמפ iJump - פתח תקווה, ראשון לציון, חיפה",מקום לימי הולדת,פתח תקווה / ראשון לציון / חיפה,,עד 200,,ימי הולדת,https://mekomot-eruim.co.il/businesses/ijamp
ג'ימבולנד - קניון אם הדרך - בית ינאי,מקום לימי הולדת,בית ינאי,שרון,,,ימי הולדת,https://mekomot-eruim.co.il/businesses/jimboland-m-way
דיג'אמפ - מעלה אדומים,מקום לימי הולדת,מעלה אדומים,ירושלים והסביבה,,,ימי הולדת,https://mekomot-eruim.co.il/businesses/d-jump
הלוחמים 1 אירועים - חולון,מקום לימי הולדת,חולון,מרכז,,,ימי הולדת,https://mekomot-eruim.co.il/businesses/halochamim1
וויט פול White-Pool - חיפה,מקום לימי הולדת,חיפה,צפון,,,ימי הולדת,https://mekomot-eruim.co.il/businesses/whitepool-haifa
חגיגה על חבלים - יער דן (במסמוך למודיעין),מקום לימי הולדת,יער דן,,,,ימי הולדת,https://mekomot-eruim.co.il/businesses/snepling-shilat
מאנקיז קיר טיפוס - נתניה,מקום לימי הולדת,נתניה,שרון,,,ימי הולדת,https://mekomot-eruim.co.il/businesses/monkeys-climbing-gym
ניאון מיני גולף - פתח תקווה,מקום לימי הולדת,פתח תקווה,מרכז,,,מסעדות / מועדוני בת מצווה / ימי הולדת / עסקיים,https://mekomot-eruim.co.il/businesses/neon-golf
סמאש רום - פולג נתניה,מקום לימי הולדת,נתניה,שרון,,,מועדוני בת מצווה / ימי הולדת,https://mekomot-eruim.co.il/businesses/smash-room
סמאש רום - פתח תקווה,מקום לימי הולדת,פתח תקווה,מרכז,,,מועדוני בת מצווה / ימי הולדת,https://mekomot-eruim.co.il/businesses/smash
ספורטן מג'יק קלאב - פתח תקווה,מקום לימי הולדת,פתח תקווה,מרכז,,,מועדוני בת מצווה / ימי הולדת / עסקיים,https://mekomot-eruim.co.il/businesses/sportan-pt
פאזל בוקס - חדרי בריחה - נתניה,מקום לימי הולדת,נתניה,שרון,עד 40,,ימי הולדת,https://mekomot-eruim.co.il/businesses/puzzle-box-netanya
קרקס פלורנטין - אם המושבות פתח תקווה,מקום לימי הולדת,פתח תקווה,מרכז,,,ימי הולדת,https://mekomot-eruim.co.il/businesses/florentine-circus-2
אולם שמחה בכותל - ירושלים,מקום מיוחד,ירושלים,ירושלים והסביבה,עד 70,,מיוחדים,https://mekomot-eruim.co.il/businesses/simchahahall
אטורה אירועים - מיני ישראל - לטרון,מקום מיוחד,לטרון,,עד 400,,מיוחדים,https://mekomot-eruim.co.il/businesses/atura-house-1
"אל נוה אירועים בחווה - שומרון, קרוב לחריש",מקום מיוחד,"שומרון, קרוב לחריש",,,,מיוחדים,https://mekomot-eruim.co.il/businesses/el-nave
אמיל בוטה בית לאירועים - ירושלים (מול החומות),מקום מיוחד,ירושלים,ירושלים והסביבה,30-150,,מיוחדים / קטנים / עסקיים,https://mekomot-eruim.co.il/businesses/emilebotta
בדולינה - עין גדי,מקום מיוחד,עין גדי,דרום,,,מיוחדים / על הים / עסקיים,https://mekomot-eruim.co.il/businesses/badolinaeingedi
בוסתן זיתים - ליד פרדס חנה,מקום מיוחד,ליד פרדס חנה,שרון,,,מיוחדים,https://mekomot-eruim.co.il/businesses/orchard
בוסתן ציפורי – מתחם לאירועים ליד חיפה,מקום מיוחד,ליד חיפה,צפון,,,מיוחדים,https://mekomot-eruim.co.il/businesses/tzipori
בית אות האוצר הירושלמי - ירושלים,מקום מיוחד,ירושלים,ירושלים והסביבה,,,מיוחדים,https://mekomot-eruim.co.il/businesses/art-jerusalem
בית בכותל - ירושלים,מקום מיוחד,ירושלים,ירושלים והסביבה,,,מיוחדים,https://mekomot-eruim.co.il/businesses/house-at-the-kotel
בית הדבש - הבית לאירועים - נס ציונה,מקום מיוחד,נס ציונה,מרכז,,,מיוחדים,https://mekomot-eruim.co.il/businesses/beit.hadvash
בית המוכתר אירועים - זכרון יעקב,מקום מיוחד,זכרון יעקב,צפון,50-200,,מיוחדים / קטנים / עסקיים,https://mekomot-eruim.co.il/businesses/beithamuchtar
בית ילין - מוצא,מקום מיוחד,מוצא,ירושלים והסביבה,עד 120,,מיוחדים,https://mekomot-eruim.co.il/businesses/Beit-Yelin
ברבוסה - אירועי בוטיק ברזילאים - ברור חיל,מקום מיוחד,ברור חיל,דרום,,,מיוחדים / קטנים,https://mekomot-eruim.co.il/businesses/BarBosa-boutique-events
גוונא אירועים - גוש עציון,מקום מיוחד,גוש עציון,ירושלים והסביבה,עד 550,,מיוחדים,https://mekomot-eruim.co.il/businesses/gavnaa
האגם בחווה - צפון השרון,מקום מיוחד,צפון השרון,שרון,,,מיוחדים,https://mekomot-eruim.co.il/businesses/agam-yarok
הבית ברחוב התמיד מול הכותל - ירושלים,מקום מיוחד,ירושלים,ירושלים והסביבה,עד 25,,מיוחדים,https://mekomot-eruim.co.il/businesses/hatamid
הבית ברשפון - אירועים קטנים בשרון,מקום מיוחד,רשפון,שרון,,,מיוחדים / קטנים,https://mekomot-eruim.co.il/businesses/rispon
החאן הירושלמי - ירושלים,מקום מיוחד,ירושלים,ירושלים והסביבה,,,מיוחדים,https://mekomot-eruim.co.il/businesses/khan-t
"הטירה - כרם מהר""ל (זיכרון יעקב)",מקום מיוחד,"כרם מהר""ל",צפון,עד 150,,מיוחדים,https://mekomot-eruim.co.il/businesses/thecastle
השביל לגבעה - מול מושב כלנית,מקום מיוחד,כלנית,צפון,עד 800,,מיוחדים,https://mekomot-eruim.co.il/businesses/hashvil-lagiva
חוות אדמה ושמים אירועים בטבע - יבנאל,מקום מיוחד,יבנאל,צפון,,,מיוחדים,https://mekomot-eruim.co.il/businesses/adama-events
חוות אל יען - חבל הבשור צפון הנגב,מקום מיוחד,חבל הבשור,דרום,,,מיוחדים,https://mekomot-eruim.co.il/businesses/el-hayaen
חוות דרך התבלינים - בית לחם הגלילית,מקום מיוחד,בית לחם הגלילית,צפון,,,מיוחדים / אירועי חברות וסדנאות,https://mekomot-eruim.co.il/businesses/tavlinim
חוות עמק איילון - מבוא חורון,מקום מיוחד,מבוא חורון,,עד 600,,מיוחדים,https://mekomot-eruim.co.il/businesses/Ayalon-Valley-Farm
חוות צאן קדר - אירועים במדבר יהודה,מקום מיוחד,מדבר יהודה,,,,מיוחדים,https://mekomot-eruim.co.il/businesses/tzonkedar
יאמס Yamas - אירועים קסומים מול הים - חוף דור,מקום מיוחד,חוף דור,צפון,עד 250,,מיוחדים / על הים / קטנים / עסקיים / בריתות,https://mekomot-eruim.co.il/businesses/yamas
ים אירועים - חדרה,מקום מיוחד,חדרה,שרון,,,מיוחדים / על הים / ריטריטים / קטנים / עסקיים,https://mekomot-eruim.co.il/businesses/yam
כפר הנוקדים אירועים - ערד,מקום מיוחד,ערד,דרום,,,מיוחדים / עסקיים,https://mekomot-eruim.co.il/businesses/nokdim
לב שלום - אירועים מול הכותל - ירושלים,מקום מיוחד,ירושלים,ירושלים והסביבה,,,מיוחדים,https://mekomot-eruim.co.il/businesses/levshalom-jerusalem
"מרחבים ירוקים אירועים - מרכז, ליד באר יעקב",מקום מיוחד,ליד באר יעקב,מרכז,,,מיוחדים,https://mekomot-eruim.co.il/businesses/green
מתחם חתונה ירוקה - ליד זכרון יעקב,מקום מיוחד,ליד זכרון יעקב,צפון,,,מיוחדים,https://mekomot-eruim.co.il/businesses/yarok
סורא מארה Suramare - תל אביב,מקום מיוחד,תל אביב,מרכז,,,מיוחדים,https://mekomot-eruim.co.il/businesses/Suramare10floor
על צלע ההר - הנגב הצפוני,מקום מיוחד,הנגב הצפוני,דרום,,,מיוחדים / עסקיים,https://mekomot-eruim.co.il/businesses/side-of-the-mountain
צוק הרצליה אירועים - חתונה מול הים,מקום מיוחד,הרצליה,שרון,,,מיוחדים / על הים,https://mekomot-eruim.co.il/businesses/zuk-herzlia
קולינריום - הרובע היהודי - ירושלים,מקום מיוחד,ירושלים,ירושלים והסביבה,,,מיוחדים,https://mekomot-eruim.co.il/businesses/culinarium
קיסר ים - נמל קיסריה,מקום מיוחד,קיסריה,שרון,עד 350,,מיוחדים / על הים,https://mekomot-eruim.co.il/businesses/caesar-yam
קרני חיטים אירועים - מול הכינרת,מקום מיוחד,מול הכינרת,צפון,,,מיוחדים,https://mekomot-eruim.co.il/businesses/karneyhitin
ראס השיטה - מקום מיוחד לאירועים במדבר,מקום מיוחד,,,,,מיוחדים,https://mekomot-eruim.co.il/businesses/shita
רחוב ירושלמי אירועים ביערות ירושלים - עין חמד,מקום מיוחד,עין חמד,ירושלים והסביבה,,,מיוחדים / קטנים / בריתות,https://mekomot-eruim.co.il/businesses/ein-emed
שירת הנחל - ליד זכרון יעקב,מקום מיוחד,ליד זכרון יעקב,צפון,,,מיוחדים,https://mekomot-eruim.co.il/businesses/river-song
תיאודור - הרצליה,מקום מיוחד,הרצליה,שרון,עד 350,,מיוחדים / קטנים / בריתות,https://mekomot-eruim.co.il/businesses/teodor-events
5.91 לאונג מתחם לאירועים וכנסים מול הים - נתניה,מקום על הים,נתניה,שרון,,,על הים,https://mekomot-eruim.co.il/businesses/591
אהובת הספן אירועים - אשדוד,מקום על הים,אשדוד,דרום,עד 270,,על הים,https://mekomot-eruim.co.il/businesses/ahuvat-asapan
בית אוצרין - יפו,מקום על הים,יפו,מרכז,עד 130,,על הים,https://mekomot-eruim.co.il/businesses/otzarin
הימה Hayama - יפו,מקום על הים,יפו,מרכז,60-100,,על הים,https://mekomot-eruim.co.il/businesses/hayama
הצוק אירועים - יפו,מקום על הים,יפו,מרכז,,,על הים,https://mekomot-eruim.co.il/businesses/zuk
יורדי הסירה אירועים מול הים - תל אביב,מקום על הים,תל אביב,מרכז,,,על הים,https://mekomot-eruim.co.il/businesses/yordei-hasira
מול הים - ים המלח,מקום על הים,ים המלח,,,,על הים / קטנים / עסקיים,https://mekomot-eruim.co.il/businesses/mulhayam
סלון יווני - הרצליה,מקום על הים,הרצליה,שרון,עד 280,,על הים / קטנים / בריתות,https://mekomot-eruim.co.il/businesses/salonyavne-herzliya
אחוזת ארי תירוש - שבת חתן אזור השפלה,מתחם אירוח,תירוש,,,,שבת חתן,https://mekomot-eruim.co.il/businesses/hacuza
אחוזת זמרת הארץ - תירוש (בית שמש),מתחם אירוח,תירוש,,,,שבת חתן,https://mekomot-eruim.co.il/businesses/country-singer-estate
אחוזת משה - עמק המעינות בית שאן,מתחם אירוח,עמק המעינות / בית שאן,צפון,,,שבת חתן,https://mekomot-eruim.co.il/businesses/hauzat-moshe
אחוזת ערבי נחל - תירוש,מתחם אירוח,תירוש,,עד 45,,שבת חתן,https://mekomot-eruim.co.il/businesses/arvei-nahal-estat
אחוזת תמר - שבת חתן בבית שמש,מתחם אירוח,בית שמש,ירושלים והסביבה,עד 35,,שבת חתן,https://mekomot-eruim.co.il/businesses/tamar
אירוח כפרי לשבת חתן - קיבוץ עלומים,מתחם אירוח,עלומים,דרום,,,שבת חתן,https://mekomot-eruim.co.il/businesses/alumim
אירוח לשבת חתן אביר יעקב - נהריה,מתחם אירוח,נהריה,צפון,עד 180,,שבת חתן / קטנים / בריתות,https://mekomot-eruim.co.il/businesses/abir-yakov
אירוח לשבת חתן באשדוד,מתחם אירוח,אשדוד,דרום,,,שבת חתן,https://mekomot-eruim.co.il/businesses/shabaat-hatan-ashdod
אירוח לשבת חתן ישיבת דרך חיים – קרית גת,מתחם אירוח,קרית גת,דרום,,,שבת חתן,https://mekomot-eruim.co.il/businesses/yeshivat-kg
אירוח לשבת חתן תמר - מושב מטע (ליד בית שמש),מתחם אירוח,מטע,,,,שבת חתן,https://mekomot-eruim.co.il/businesses/tamar-shabbat-chatan
אירוח שבת חתן - בית ספר הר גילה ירושלים,מתחם אירוח,הר גילה / ירושלים,ירושלים והסביבה,,,שבת חתן,https://mekomot-eruim.co.il/businesses/gila
אירוח שבת חתן - כפר חיטים ליד טבריה,מתחם אירוח,כפר חיטים,צפון,עד 150,,שבת חתן,https://mekomot-eruim.co.il/businesses/hitim
"אנ""א - רשת אכסניות ישראליות לשבת חתן",מתחם אירוח,,,,כשרות רבנות,שבת חתן,https://mekomot-eruim.co.il/businesses/iyha
בוטיק המעיין גבעת זאב - ירושלים,מתחם אירוח,גבעת זאב,ירושלים והסביבה,,,שבת חתן,https://mekomot-eruim.co.il/businesses/mayan
בית ארז אירוח יהודי - צפת,מתחם אירוח,צפת,צפון,,,שבת חתן,https://mekomot-eruim.co.il/businesses/beiterez-bait
בית הארחה אכסניית נורדיה - מושב נורדיה,מתחם אירוח,נורדיה,שרון,,,שבת חתן / כנסים / כיתות לימוד / הרצאות / עסקיים,https://mekomot-eruim.co.il/businesses/nordia-hostel
בית נופש מול הכנרת – טבריה,מתחם אירוח,טבריה,צפון,עד 70,,שבת חתן,https://mekomot-eruim.co.il/businesses/beit-nofesh
דירות לשבת חתן - באר שבע,מתחם אירוח,באר שבע,דרום,,,שבת חתן,https://mekomot-eruim.co.il/businesses/apartments
המגדל של חיים - במושבה מגדל ליד טבריה,מתחם אירוח,מגדל,צפון,עד 80,,שבת חתן,https://mekomot-eruim.co.il/businesses/haim
המרכז לשבתות חתן בבית שמש,מתחם אירוח,בית שמש,ירושלים והסביבה,עד 100,,שבת חתן,https://mekomot-eruim.co.il/businesses/center
המרכז לשבתות חתן וגיבוש - אלעד,מתחם אירוח,אלעד,מרכז,,,שבת חתן,https://mekomot-eruim.co.il/businesses/elad
הפוסט - ירושלים,מתחם אירוח,ירושלים,ירושלים והסביבה,,,שבת חתן,https://mekomot-eruim.co.il/businesses/posthostel
הפינה בגבעה - הר שמואל ירושלים,מתחם אירוח,הר שמואל / ירושלים,ירושלים והסביבה,,,שבת חתן,https://mekomot-eruim.co.il/businesses/hilltop
הרוח של הרצל Spirit of Herzl - ירושלים,מתחם אירוח,ירושלים,ירושלים והסביבה,,,שבת חתן,https://mekomot-eruim.co.il/businesses/Spirit-of-Herzl-hotel
חוות כרם דוד – גליל העליון קרוב לחצור הגלילית,מתחם אירוח,ליד חצור הגלילית,צפון,,,שבת חתן / ריטריטים / אירועי חברות וסדנאות,https://mekomot-eruim.co.il/businesses/david-farm
כפיר אירוח שבת חתן - קרית גת,מתחם אירוח,קרית גת,דרום,,,שבת חתן,https://mekomot-eruim.co.il/businesses/kfir
כפר הנופש - בית חורון,מתחם אירוח,בית חורון,,,,שבת חתן,https://mekomot-eruim.co.il/businesses/orhazohaar
כפר הנופש דריה – אירוח שבת כשר על הכנרת,מתחם אירוח,כנרת,צפון,,,שבת חתן,https://mekomot-eruim.co.il/businesses/daria
כפר שיטים – אירוח מדברי בדרום הארץ,מתחם אירוח,,דרום,,,גלמפינג / שבת חתן / ריטריטים,https://mekomot-eruim.co.il/businesses/shitim
לה פינקה סוויטות לשבת חתן - באר שבע,מתחם אירוח,באר שבע,דרום,,,שבת חתן,https://mekomot-eruim.co.il/businesses/lafinca-suites-hotel
מכינת בית יתיר - אירוח שבת חתן ליד ערד,מתחם אירוח,ליד ערד,דרום,עד 120,,שבת חתן,https://mekomot-eruim.co.il/businesses/yatir
מצפה יריחו אירוח ואירועים,מתחם אירוח,מצפה יריחו,,,,שבת חתן,https://mekomot-eruim.co.il/businesses/bamidbar
מקומות לשבת חתן בכנרת / טבריה,מתחם אירוח,כנרת / טבריה,צפון,,,שבת חתן,https://mekomot-eruim.co.il/businesses/shabbatchatan-Kinneret-tiberias
מרכז אירוח לשבת חתן- פקיעין,מתחם אירוח,פקיעין,צפון,,,אולמות / שבת חתן,https://mekomot-eruim.co.il/businesses/piqiin
מתחם אירוח לשבת חתן נופש באלה - שדות מיכה,מתחם אירוח,שדות מיכה,,עד 50,,וילות / שבת חתן / בריכה,https://mekomot-eruim.co.il/businesses/ellas-place
מתחם אירוח נתניה,מתחם אירוח,נתניה,שרון,עד 12,,שבת חתן,https://mekomot-eruim.co.il/businesses/villa-n
מתחם אירוח סטודיו שמואלי - עין הוד,מתחם אירוח,עין הוד,צפון,,,ריטריטים / אירועי חברות וסדנאות,https://mekomot-eruim.co.il/businesses/ein-hod
מתחם אירוח תפארת - נתיבות,מתחם אירוח,נתיבות,דרום,,,אולמות / בית כנסת / שבת חתן / כנסים / הרצאות / קטנים / בריתות / חינה,https://mekomot-eruim.co.il/businesses/netivot-events
מתחם הנופש בהר טוב - ליד בית שמש,מתחם אירוח,הר טוב (ליד בית שמש),ירושלים והסביבה,עד 40,,שבת חתן,https://mekomot-eruim.co.il/businesses/har-tuv
מתחם הסיטי אשדוד,מתחם אירוח,אשדוד,דרום,עד 32,,בית כנסת / שבת חתן / בריתות,https://mekomot-eruim.co.il/businesses/city-shabbat
נווה דקלים אירוח לשבת חתן - אשדוד,מתחם אירוח,אשדוד,דרום,,,שבת חתן,https://mekomot-eruim.co.il/businesses/neve-dekalim
נווה כנרת - מגדל (כנרת),מתחם אירוח,מגדל,צפון,,,שבת חתן,https://mekomot-eruim.co.il/businesses/Neve
"נתיבל'ה - קיבוץ נתיב הל""ה",מתחם אירוח,"נתיב הל""ה",,,,שבת חתן,https://mekomot-eruim.co.il/businesses/netivale
קסם הנוף מגדל -אירוח שבת חתן מול הכינרת,מתחם אירוח,מגדל,צפון,עד 100,,שבת חתן,https://mekomot-eruim.co.il/businesses/kesem-hanof
שבת חתן בבית ספר שדה כפר עציון,מתחם אירוח,כפר עציון,ירושלים והסביבה,,,שבת חתן,https://mekomot-eruim.co.il/businesses/gushetzion
שבת חתן בחוות רום – בלב הגליל ליד כרמיאל,מתחם אירוח,ליד כרמיאל,צפון,,,שבת חתן,https://mekomot-eruim.co.il/businesses/rom-farm
שבת חתן בכפר אדומים– מתחמי אירוח ליד ירושלים,מתחם אירוח,כפר אדומים,ירושלים והסביבה,,,שבת חתן,https://mekomot-eruim.co.il/businesses/adumim
שבת חתן במושב איתן ליד קרית גת,מתחם אירוח,איתן (ליד קרית גת),דרום,,,שבת חתן,https://mekomot-eruim.co.il/businesses/eitan
שבתות אירוח חווית אירוח ביער השלום- ירושלים,מתחם אירוח,ירושלים,ירושלים והסביבה,,,שבת חתן,https://mekomot-eruim.co.il/businesses/yaar-hashalom
שחרית בקתות אירוח - מצפה יריחו,מתחם אירוח,מצפה יריחו,,,,כיתות לימוד / אירועי חברות וסדנאות,https://mekomot-eruim.co.il/businesses/shachareet
שער האבן מתחמי אירוח - מחנה יהודה ירושלים,מתחם אירוח,ירושלים,ירושלים והסביבה,עד 100,,שבת חתן,https://mekomot-eruim.co.il/businesses/shaareven
Q קיו אירועי בוטיק - מודיעין,מתחם אירועים,מודיעין,מרכז,עד 100,,עסקיים,https://mekomot-eruim.co.il/businesses/quality-events
אדל אירועים - ראשון לציון,מתחם אירועים,ראשון לציון,מרכז,50-130,,עסקיים,https://mekomot-eruim.co.il/businesses/adel-events
אילבן ELEVEN בוטיק לאירועים - אשדוד,מתחם אירועים,אשדוד,דרום,עד 320,,קטנים / בריתות,https://mekomot-eruim.co.il/businesses/eleven-ashdod
אלפרדו - פתח תקווה,מתחם אירועים,פתח תקווה,מרכז,עד 120,,עסקיים,https://mekomot-eruim.co.il/businesses/alfredo
בדולינה - רעננה,מתחם אירועים,רעננה,שרון,,,עסקיים,https://mekomot-eruim.co.il/businesses/badolina
הסדן 6 אירועים - הוד השרון,מתחם אירועים,הוד השרון,שרון,עד 500,,עסקיים,https://mekomot-eruim.co.il/businesses/hashdan6
השדרה - מודיעין,מתחם אירועים,מודיעין,מרכז,עד 300,,עסקיים,https://mekomot-eruim.co.il/businesses/hasdera-modiin
וולקאן - ירושלים,מתחם אירועים,ירושלים,ירושלים והסביבה,עד 300,,עסקיים,https://mekomot-eruim.co.il/businesses/voolcan
ויגו אירועים - רחובות,מתחם אירועים,רחובות,מרכז,עד 320,,עסקיים,https://mekomot-eruim.co.il/businesses/VIGO
טיטו TETTO שרונה - תל אביב,מתחם אירועים,תל אביב,מרכז,עד 130,,קטנים / עסקיים,https://mekomot-eruim.co.il/businesses/tetto-events
טריולה - פתח תקווה,מתחם אירועים,פתח תקווה,מרכז,עד 120,,עסקיים,https://mekomot-eruim.co.il/businesses/triola-pt
מטעים - גני רמת הנדיב - זכרון יעקב,מתחם אירועים,זכרון יעקב,צפון,,,קטנים,https://mekomot-eruim.co.il/businesses/mataim
מנדרין אירועים Mandarin Events - תל אביב,מתחם אירועים,תל אביב,מרכז,30-400,,עסקיים,https://mekomot-eruim.co.il/businesses/Mandarin-Events-2
סופיה כנסים ואירועים - הר הצופים - ירושלים,מתחם אירועים,ירושלים,ירושלים והסביבה,עד 250,,עסקיים,https://mekomot-eruim.co.il/businesses/sophia
סיירוס מתחם אירועים - עמק חפר,מתחם אירועים,עמק חפר,שרון,עד 180,,עסקיים,https://mekomot-eruim.co.il/businesses/cyrus-events
ספארק אירועים - מתחם הרובע ראשון לציון,מתחם אירועים,ראשון לציון,מרכז,,,עסקיים,https://mekomot-eruim.co.il/businesses/spark-show
עברי קפה - תל אביב,מתחם אירועים,תל אביב,מרכז,,,קטנים / עסקיים,https://mekomot-eruim.co.il/businesses/cafeivri
עתיקה - קרית ביאליק,מתחם אירועים,קרית ביאליק,צפון,עד 100,,קטנים / בריתות,https://mekomot-eruim.co.il/businesses/atika
קויה אירועים - חולון,מתחם אירועים,חולון,מרכז,עד 300,,עסקיים,https://mekomot-eruim.co.il/businesses/coya
קפה גרג סינימה סיטי - ירושלים,מתחם אירועים,ירושלים,ירושלים והסביבה,עד 100,,קטנים / עסקיים,https://mekomot-eruim.co.il/businesses/gregcinemaj
שאטו - רחובות,מתחם אירועים,רחובות,מרכז,עד 800,,עסקיים,https://mekomot-eruim.co.il/businesses/shato
אדם בטבע - בית על החוף בשרון קרוב להרצליה,מתחם זולה,קרוב להרצליה,שרון,30-200,,זולה / גלמפינג / מיוחדים / על הים / ריטריטים,https://mekomot-eruim.co.il/businesses/adam
אוהל זולה בחוף בצת - בקרבת ראש הניקרה ונהריה,מתחם זולה,חוף בצת,צפון,,,זולה,https://mekomot-eruim.co.il/businesses/zula-betzet
אוהל זולה בים - מעיין צבי,מתחם זולה,מעיין צבי,צפון,,,זולה,https://mekomot-eruim.co.il/businesses/mayan-zvi
אוהל זולה ביער - אירועים ביערות ירושלים,מתחם זולה,ירושלים,ירושלים והסביבה,,,זולה,https://mekomot-eruim.co.il/businesses/zula-j
אוהל זולה לאירועים / קמפינג בירדנית - בצפון,מתחם זולה,ירדנית,צפון,,,זולה,https://mekomot-eruim.co.il/businesses/yarden
אורחן מצפה הראל - יער אשתאול,מתחם זולה,אשתאול,ירושלים והסביבה,30-130,,זולה / מיוחדים,https://mekomot-eruim.co.il/businesses/orchanharel
אירוע בזולה על חוף חופית / ניצנים - אשקלון,מתחם זולה,אשקלון,דרום,,,זולה / על הים,https://mekomot-eruim.co.il/businesses/nitzanim-zola
אירועים בזולה בים - תל אביב,מתחם זולה,תל אביב,מרכז,,,זולה,https://mekomot-eruim.co.il/businesses/tlv-zola
אירועים במתחם / אוהל זולה - יער חוף גדור,מתחם זולה,חוף גדור,צפון,,,זולה,https://mekomot-eruim.co.il/businesses/yaar-g
הקמת מתחם זולה מול הים בחוף של תל אביב יפו,מתחם זולה,תל אביב-יפו,מרכז,,,זולה,https://mekomot-eruim.co.il/businesses/z-y
השכרת זולה בים חוף הרצליה,מתחם זולה,הרצליה,שרון,,,זולה,https://mekomot-eruim.co.il/businesses/zula-herzlia
השכרת זולה לאירוע מול הים - חוף תל ברוך תל אביב,מתחם זולה,תל אביב,מרכז,עד 60,,זולה,https://mekomot-eruim.co.il/businesses/zulatlv
זולה בים בחוף עתלית,מתחם זולה,עתלית,צפון,,,זולה,https://mekomot-eruim.co.il/businesses/atlit
זולה בים בחוף פלמחים,מתחם זולה,פלמחים,מרכז,,,זולה,https://mekomot-eruim.co.il/businesses/palmachim
זולה בים בחופי אשדוד - למסיבות ואירועים,מתחם זולה,אשדוד,דרום,,,זולה,https://mekomot-eruim.co.il/businesses/sula-ashdod
זולה המצוק - צפון ים המלח,מתחם זולה,ים המלח,,,,זולה / מיוחדים / על הים / קטנים / עסקיים,https://mekomot-eruim.co.il/businesses/deadsea-zula
זולה לאירועים להשכרה בחוף דור הבונים,מתחם זולה,דור הבונים,צפון,,,זולה,https://mekomot-eruim.co.il/businesses/dor
זולה על הים בחדרה למסיבות ואירועים,מתחם זולה,חדרה,שרון,,,זולה / מסיבות / על הים,https://mekomot-eruim.co.il/businesses/zula-hof
חאן בשביל היער - תעוז,מתחם זולה,תעוז,,עד 120,,זולה / גלמפינג / שף / הרצאות / מיוחדים / ריטריטים / אירועי חברות וסדנאות / עסקיים,https://mekomot-eruim.co.il/businesses/taoz
מאהל לאירועים על חוף נווה ים (עתלית),מתחם זולה,נווה ים,צפון,,,זולה,https://mekomot-eruim.co.il/businesses/neve-yam
מתחם זולה ביער בן שמן,מתחם זולה,בן שמן,מרכז,,,זולה,https://mekomot-eruim.co.il/businesses/zula-yaar
פינות זולה בפארק הירקון / פארק וולפסון תל אביב,מתחם זולה,תל אביב,מרכז,,,זולה,https://mekomot-eruim.co.il/businesses/zula-park
פינות זולות / אירועים קטנים - יער עופר,מתחם זולה,יער עופר,צפון,,,זולה / מיוחדים,https://mekomot-eruim.co.il/businesses/ofer
קיסריה על הים,מתחם זולה,קיסריה,שרון,עד 120,,זולה / מסיבות / מיוחדים / על הים,https://mekomot-eruim.co.il/businesses/sea-cesarea
קמפיינג בנהר הירדן,מתחם זולה,נהר הירדן,צפון,,,זולה,https://mekomot-eruim.co.il/businesses/jordancamping
קמפינג זולה בכנרת - חוף אמנון / סוסיתא,מתחם זולה,כנרת - חוף אמנון / סוסיתא,צפון,,,זולה,https://mekomot-eruim.co.il/businesses/cineret
הגליל 1 מתחם לאירועי חברות - תל אביב,מתחם לסדנאות,תל אביב,מרכז,,,אירועי חברות וסדנאות / עסקיים,https://mekomot-eruim.co.il/businesses/galil-1
הורמזיס - פארק המסילה תל אביב,מתחם לסדנאות,תל אביב,מרכז,עד 250,,אירועי חברות וסדנאות / קטנים / עסקיים,https://mekomot-eruim.co.il/businesses/hormesis
ורד יריחו צימרים – אירוח שבת חתן ואירועים,צימרים,ורד יריחו,,עד 40,,שבת חתן,https://mekomot-eruim.co.il/businesses/jericho
צימרים לשבת חתן פנינת הכפר - תרום,צימרים,תרום,,עד 40,,שבת חתן,https://mekomot-eruim.co.il/businesses/tarum-v
MY קמפוס - בני ברק - גבול רמת גן/רמת החייל,קמפוס,בני ברק,מרכז,,,כנסים / כיתות לימוד / הרצאות / כנסים קטנים / עסקיים,https://mekomot-eruim.co.il/businesses/my-campus-4
הקמפוס הירוק - רעננה / נחלים / עלי,קמפוס,רעננה / נחלים / עלי,,,,שבת חתן,https://mekomot-eruim.co.il/businesses/green-campus
קמפוס - פתח תקווה,קמפוס,פתח תקווה,מרכז,,,כיתות לימוד / כנסים קטנים,https://mekomot-eruim.co.il/businesses/campus-pt
קמפוס אירוח לשבת חתן - קרית אתא (חיפה),קמפוס,קרית אתא,צפון,,,שבת חתן,https://mekomot-eruim.co.il/businesses/hosting-ata
קמפוס בני עקיבא - נתניה,קמפוס,נתניה,שרון,,,שבת חתן,https://mekomot-eruim.co.il/businesses/b-hosts
קמפוס גבעת חביבה - בקרבת חדרה,קמפוס,גבעת חביבה,שרון,,,כנסים / כיתות לימוד / הרצאות,https://mekomot-eruim.co.il/businesses/givaat-haviva
קמפוס כפר זיתים - אזור טבריה,קמפוס,כפר זיתים (אזור טבריה),צפון,,,שבת חתן,https://mekomot-eruim.co.il/businesses/kfarzeitim-campus
קמפוס לב - מודיעין עילית,קמפוס,מודיעין עילית,,,,שבת חתן,https://mekomot-eruim.co.il/businesses/levcampus
קמפוס לשבת חתן במרכז הארץ,קמפוס,מרכז הארץ,מרכז,,,שבת חתן,https://mekomot-eruim.co.il/businesses/center-c
קמפוס על הפארק - מודיעין עילית,קמפוס,מודיעין עילית,,,,שבת חתן,https://mekomot-eruim.co.il/businesses/modin-elit
קמפוס עלמה – אירוח לשבת חתן וקבוצות ליד צפת,קמפוס,עלמה (ליד צפת),צפון,,,שבת חתן,https://mekomot-eruim.co.il/businesses/kampus-alma
קמפוס שירת העמק - מודיעין עילית,קמפוס,מודיעין עילית,,,,שבת חתן,https://mekomot-eruim.co.il/businesses/shirat-haemek
זאב הים השכרת יאכטות לאירועים - הרצליה,שייט / יאכטה,הרצליה,שרון,עד 100,,מסיבות / מיוחדים / על הים,https://mekomot-eruim.co.il/businesses/zeev-hayam-3
סבבה 5 שייט ואירועים - יפו,שייט / יאכטה,יפו,מרכז,,,על הים,https://mekomot-eruim.co.il/businesses/Round-5-Cruise-Jaffa
עולם השייט - תל אביב,שייט / יאכטה,תל אביב,מרכז,עד 40,,מסיבות / על הים / עסקיים,https://mekomot-eruim.co.il/businesses/boating-tlv
קינג דיוויד KING DAVID - שייט במפרץ חיפה,שייט / יאכטה,חיפה,צפון,עד 55,,מועדוני בת מצווה / מיוחדים / על הים,https://mekomot-eruim.co.il/businesses/kingdavid-events
